year,code,cause,cause_level,dalys,dalys_thousands,dalys_millions,hierarchy_1,hierarchy_2,hierarchy_3,hierarchy_4,hierarchy_5,total_dalys,pct_all_dalys
2000,0,All Causes,0,2841004961.46513,2841004.9614651296,2841.00496146513,NA,All Causes,NA,NA,NA,2841004961.46513,1
2000,10,"Communicable, maternal, perinatal and nutritional conditions",1,1248883094.89041,1248883.0948904098,1248.88309489041,I.,"Communicable, maternal, perinatal and nutritional conditions",NA,NA,NA,2841004961.46513,0.43959201473775344
2000,20,Infectious and parasitic diseases,2,643954316.875638,643954.316875638,643.954316875638,NA,A.,Infectious and parasitic diseases,NA,NA,2841004961.46513,0.22666427042899123
2000,30,Tuberculosis,3,117431990.494888,117431.990494888,117.431990494888,NA,NA,1.,Tuberculosis,NA,2841004961.46513,0.04133466575655938
2000,40,STDs excluding HIV,3,8774198.25684176,8774.19825684176,8.77419825684176,NA,NA,2.,STDs excluding HIV,NA,2841004961.46513,0.003088413563458486
2000,50,Syphilis,4,7781044.58244089,7781.044582440891,7.781044582440891,NA,NA,NA,a.,Syphilis,2841004961.46513,0.002738835267090889
2000,60,Chlamydia,4,134521.44054045,134.52144054045002,0.13452144054045,NA,NA,NA,b.,Chlamydia,2841004961.46513,4.7349949178221844e-5
2000,70,Gonorrhoea,4,63406.5411692697,63.4065411692697,0.0634065411692697,NA,NA,NA,c.,Gonorrhoea,2841004961.46513,2.2318349326841873e-5
2000,80,Trichomoniasis,4,197067.106428187,197.067106428187,0.19706710642818698,NA,NA,NA,d.,Trichomoniasis,2841004961.46513,6.936528063173738e-5
2000,85,Gential Herpes,4,179250.039570127,179.250039570127,0.179250039570127,NA,NA,NA,e.,Gential Herpes,2841004961.46513,6.309388473495881e-5
2000,90,Other STDs,4,418908.546692836,418.90854669283596,0.418908546692836,NA,NA,NA,f.,Other STDs,2841004961.46513,1.4745083249583673e-4
2000,100,HIV/AIDS,3,100671451.654854,100671.451654854,100.671451654854,NA,NA,3.,HIV/AIDS,NA,2841004961.46513,0.03543515517232215
2000,110,Diarrhoeal diseases,3,152479005.93678,152479.00593678,152.47900593678,NA,NA,4.,Diarrhoeal diseases,NA,2841004961.46513,0.05367079889158142
2000,120,Childhood-cluster diseases,3,94878108.7039352,94878.1087039352,94.87810870393521,NA,NA,5.,Childhood-cluster diseases,NA,2841004961.46513,0.03339596726892225
2000,130,Whooping cough,4,21310680.5281579,21310.6805281579,21.3106805281579,NA,NA,NA,a.,Whooping cough,2841004961.46513,0.007501106410306234
2000,140,Diphtheria,4,1225829.81729996,1225.82981729996,1.22582981729996,NA,NA,NA,b.,Diphtheria,2841004961.46513,4.3147753486068866e-4
2000,150,Measles,4,65916331.3429564,65916.3313429564,65.9163313429564,NA,NA,NA,c.,Measles,2841004961.46513,0.023201765655827225
2000,160,Tetanus,4,6425267.0155209,6425.2670155209,6.4252670155209,NA,NA,NA,d.,Tetanus,2841004961.46513,0.0022616176679280896
2000,170,Meningitis,3,29665515.907452,29665.515907451998,29.665515907451997,NA,NA,6.,Meningitis,NA,2841004961.46513,0.010441909222204683
2000,180,Encephalitis,3,5953365.87051633,5953.36587051633,5.95336587051633,NA,NA,7.,Encephalitis,NA,2841004961.46513,0.0020955140702908627
2000,185,Hepatitis,3,11383326.9870156,11383.3269870156,11.3833269870156,NA,NA,8.,Hepatitis,NA,2841004961.46513,0.004006795884349714
2000,186,Acute hepatitis A,4,7182350.59814189,7182.35059814189,7.18235059814189,NA,NA,NA,a.,Acute hepatitis A,2841004961.46513,0.002528102096111051
2000,190,Acute hepatitis B,4,3065443.18350701,3065.44318350701,3.0654431835070097,NA,NA,NA,b.,Acute hepatitis B,2841004961.46513,0.001078999588204216
2000,200,Acute hepatitis C,4,862129.19347989,862.12919347989,0.86212919347989,NA,NA,NA,c.,Acute hepatitis C,2841004961.46513,3.034592354373372e-4
2000,205,Acute hepatitis E,4,273404.011886816,273.404011886816,0.273404011886816,NA,NA,NA,d.,Acute hepatitis E,2841004961.46513,9.623496459711189e-5
2000,210,Parasitic and vector diseases,3,99376757.5168731,99376.75751687311,99.37675751687311,NA,NA,9.,Parasitic and vector diseases,NA,2841004961.46513,0.03497943821457591
2000,220,Malaria,4,77507045.724181,77507.04572418099,77.507045724181,NA,NA,NA,a.,Malaria,2841004961.46513,0.027281559439519588
2000,230,Trypanosomiasis,4,1517645.44163755,1517.64544163755,1.51764544163755,NA,NA,NA,b.,Trypanosomiasis,2841004961.46513,5.34193168340997e-4
2000,240,Chagas disease,4,291714.754318223,291.71475431822296,0.29171475431822297,NA,NA,NA,c.,Chagas disease,2841004961.46513,1.0268012843166007e-4
2000,250,Schistosomiasis,4,2250209.50689972,2250.20950689972,2.25020950689972,NA,NA,NA,d.,Schistosomiasis,2841004961.46513,7.92047017664928e-4
2000,260,Leishmaniasis,4,1397529.79057668,1397.5297905766802,1.3975297905766801,NA,NA,NA,e.,Leishmaniasis,2841004961.46513,4.919138859426569e-4
2000,270,lymphatic filariasis,4,4440947.37109609,4440.94737109609,4.44094737109609,NA,NA,NA,f.,lymphatic filariasis,2841004961.46513,0.0015631607235229385
2000,280,Onchocerciasis,4,1186160.98781918,1186.1609878191798,1.18616098781918,NA,NA,NA,g.,Onchocerciasis,2841004961.46513,4.175145780834775e-4
2000,285,Cysticercosis,4,1627870.39693327,1627.8703969332698,1.62787039693327,NA,NA,NA,h.,Cysticercosis,2841004961.46513,5.729910433150964e-4
2000,295,Echinococcosis,4,950154.873757474,950.154873757474,0.950154873757474,NA,NA,NA,i.,Echinococcosis,2841004961.46513,3.344432292956895e-4
2000,300,Dengue,4,1563338.37362648,1563.33837362648,1.56333837362648,NA,NA,NA,j.,Dengue,2841004961.46513,5.50276537644712e-4
2000,310,Trachoma,4,170558.652030622,170.558652030622,0.170558652030622,NA,NA,NA,k.,Trachoma,2841004961.46513,6.003461956034864e-5
2000,315,Yellow fever,4,910246.665629943,910.246665629943,0.910246665629943,NA,NA,NA,l.,Yellow fever,2841004961.46513,3.203960140782441e-4
2000,320,Rabies,4,5563334.97836679,5563.33497836679,5.5633349783667905,NA,NA,NA,m.,Rabies,2841004961.46513,0.0019582278291755367
2000,330,Intestinal nematode infections,3,5080968.33637714,5080.96833637714,5.08096833637714,NA,NA,10.,Intestinal nematode infections,NA,2841004961.46513,0.0017884405009123401
2000,340,Ascariasis,4,2040722.99789215,2040.72299789215,2.04072299789215,NA,NA,NA,a.,Ascariasis,2841004961.46513,7.183102548471904e-4
2000,350,Trichuriasis,4,449393.11446603,449.39311446603,0.44939311446603,NA,NA,NA,b.,Trichuriasis,2841004961.46513,1.5818103824580235e-4
2000,360,Hookworm disease,4,1720090.0124863,1720.0900124862999,1.7200900124863,NA,NA,NA,c.,Hookworm disease,2841004961.46513,6.054512525733975e-4
2000,362,Food-borne trematodes,4,870762.211532654,870.762211532654,0.870762211532654,NA,NA,NA,d.,Food-borne trematodes,2841004961.46513,3.064979552459474e-4
2000,365,Leprosy,3,39170.7331679729,39.170733167972905,0.039170733167972906,NA,NA,11.,Leprosy,NA,2841004961.46513,1.3787632791662648e-5
2000,370,Other infectious diseases,3,18220456.4769363,18220.4564769363,18.2204564769363,NA,NA,12.,Other infectious diseases,NA,2841004961.46513,0.006413384251022166
2000,380,Respiratory Infectious,2,187369100.946011,187369.100946011,187.369100946011,NA,B.,Respiratory Infectious,NA,NA,2841004961.46513,0.06595169789826175
2000,390,Lower respiratory infections,3,179603008.543654,179603.008543654,179.603008543654,NA,NA,1.,Lower respiratory infections,NA,2841004961.46513,0.06321812562095323
2000,395,COVID-19,3,0,0,0,NA,NA,2.,COVID-19,NA,2841004961.46513,0
2000,400,Upper respiratory infections,3,5488206.70805865,5488.206708058649,5.48820670805865,NA,NA,3.,Upper respiratory infections,NA,2841004961.46513,0.0019317835704265494
2000,410,Otitis media,3,2277885.69429811,2277.88569429811,2.27788569429811,NA,NA,4.,Otitis media,NA,2841004961.46513,8.017887068818724e-4
2000,420,Maternal conditions,2,26835325.729486,26835.325729486,26.835325729486,NA,C.,Maternal conditions,NA,NA,2841004961.46513,0.009445715897534653
2000,490,Neonatal conditions,2,319496402.029691,319496.402029691,319.49640202969096,NA,D.,Neonatal conditions,NA,NA,2841004961.46513,0.11245893842611385
2000,500,Preterm birth complications,3,149158427.396065,149158.427396065,149.158427396065,NA,NA,1.,Preterm birth complications,NA,2841004961.46513,0.05250199468822566
2000,510,Birth asphyxia and birth trauma,3,99855233.2791873,99855.2332791873,99.8552332791873,NA,NA,2.,Birth asphyxia and birth trauma,NA,2841004961.46513,0.03514785599941055
2000,520,Neonatal sepsis and infections,3,29951057.9445233,29951.0579445233,29.951057944523303,NA,NA,3.,Neonatal sepsis and infections,NA,2841004961.46513,0.010542416627487089
2000,530,Other neonatal conditions,3,40531683.4099162,40531.6834099162,40.5316834099162,NA,NA,4.,Other neonatal conditions,NA,2841004961.46513,0.014266671110990836
2000,540,Nutritional deficiencies,2,71227949.309581,71227.949309581,71.22794930958099,NA,E.,Nutritional deficiencies,NA,NA,2841004961.46513,0.0250713920868509
2000,550,Protein-energy malnutrition,3,32313574.1435707,32313.5741435707,32.3135741435707,NA,NA,1.,Protein-energy malnutrition,NA,2841004961.46513,0.011373994266770418
2000,560,Iodine deficiency,3,2250548.02863783,2250.54802863783,2.25054802863783,NA,NA,2.,Iodine deficiency,NA,2841004961.46513,7.92166173295665e-4
2000,570,Vitamin A deficiency,3,1820672.16634253,1820.6721663425299,1.82067216634253,NA,NA,3.,Vitamin A deficiency,NA,2841004961.46513,6.40854975981314e-4
2000,580,Iron-deficiency anaemia,3,31454248.3031241,31454.2483031241,31.4542483031241,NA,NA,4.,Iron-deficiency anaemia,NA,2841004961.46513,0.011071521778301606
2000,590,Other nutritional deficiencies,3,3388906.66790589,3388.90666790589,3.38890666790589,NA,NA,5.,Other nutritional deficiencies,NA,2841004961.46513,0.0011928548925019134
2000,600,Noncommunicable diseases,1,1309206925.79905,1309206.9257990501,1309.2069257990502,II.,Noncommunicable diseases,NA,NA,NA,2841004961.46513,0.4608252866703482
2000,610,Malignant neoplasms,2,206461363.941628,206461.36394162802,206.461363941628,NA,A.,Malignant neoplasms,NA,NA,2841004961.46513,0.07267194768824134
2000,620,Mouth and oropharynx cancers,3,8787480.19071314,8787.480190713139,8.78748019071314,NA,NA,1.,Mouth and oropharynx cancers,NA,2841004961.46513,0.0030930886464138247
2000,621,Lip and oral cavity,4,3910912.46997374,3910.9124699737404,3.91091246997374,NA,NA,NA,a.,Lip and oral cavity,2841004961.46513,0.0013765947342650362
2000,622,Nasopharynx,4,2734505.79374165,2734.50579374165,2.73450579374165,NA,NA,NA,b.,Nasopharynx,2841004961.46513,9.625135579951408e-4
2000,623,Other pharynx,4,2142061.92699776,2142.0619269977597,2.14206192699776,NA,NA,NA,c.,Other pharynx,2841004961.46513,7.539803541536516e-4
2000,630,Oesophagus cancer,3,12002496.31952,12002.49631952,12.00249631952,NA,NA,2.,Oesophagus cancer,NA,2841004961.46513,0.004224736134684613
2000,640,Stomach cancer,3,23086740.9515305,23086.7409515305,23.0867409515305,NA,NA,3.,Stomach cancer,NA,2841004961.46513,0.008126258582675785
2000,650,Colon and rectum cancers,3,16687062.3759883,16687.062375988302,16.6870623759883,NA,NA,4.,Colon and rectum cancers,NA,2841004961.46513,0.005873647741671892
2000,660,Liver cancer,3,12885634.5073614,12885.634507361401,12.8856345073614,NA,NA,5.,Liver cancer,NA,2841004961.46513,0.004535590286585129
2000,661,Liver cancer secondary to hepatitis B,4,7052860.4268357,7052.8604268357,7.0528604268357,NA,NA,NA,a.,Liver cancer secondary to hepatitis B,2841004961.46513,0.002482523093940139
2000,662,Liver cancer secondary to hepatitis C,4,2236328.5679118,2236.3285679118,2.2363285679118,NA,NA,NA,b.,Liver cancer secondary to hepatitis C,2841004961.46513,7.871610920237559e-4
2000,663,Liver cancer secondary to alcohol use,4,2141525.94899513,2141.52594899513,2.14152594899513,NA,NA,NA,c.,Liver cancer secondary to alcohol use,2841004961.46513,7.537916962632573e-4
2000,664,Other liver cancer,4,1454919.56361876,1454.91956361876,1.4549195636187602,NA,NA,NA,d.,Other liver cancer,2841004961.46513,5.121144043579727e-4
2000,670,Pancreas cancer,3,6286739.61474256,6286.739614742561,6.286739614742561,NA,NA,6.,Pancreas cancer,NA,2841004961.46513,0.002212857668330307
2000,680,"Trachea, bronchus, lung cancers",3,33380766.6115687,33380.7666115687,33.3807666115687,NA,NA,7.,"Trachea, bronchus, lung cancers",NA,2841004961.46513,0.011749633339025907
2000,690,Melanoma and other skin cancers,3,2241951.17680748,2241.95117680748,2.24195117680748,NA,NA,8.,Melanoma and other skin cancers,NA,2841004961.46513,7.891401835677496e-4
2000,691,Malignant skin melanoma,4,1362771.10976872,1362.7711097687202,1.36277110976872,NA,NA,NA,a.,Malignant skin melanoma,2841004961.46513,4.7967924317384076e-4
2000,692,Non-melanoma skin cancer,4,879180.067038756,879.180067038756,0.879180067038756,NA,NA,NA,b.,Non-melanoma skin cancer,2841004961.46513,3.094609403939075e-4
2000,700,Breast cancer,3,14507782.465559,14507.782465559,14.507782465559,NA,NA,9.,Breast cancer,NA,2841004961.46513,0.0051065670994383675
2000,710,Cervix uteri cancer,3,9417603.38266244,9417.603382662439,9.41760338266244,NA,NA,10.,Cervix uteri cancer,NA,2841004961.46513,0.003314884525159612
2000,720,Corpus uteri cancer,3,1743385.44031201,1743.38544031201,1.74338544031201,NA,NA,11.,Corpus uteri cancer,NA,2841004961.46513,6.1365096645693e-4
2000,730,Ovary cancer,3,3751328.22212207,3751.3282221220697,3.75132822212207,NA,NA,12.,Ovary cancer,NA,2841004961.46513,0.001320422974617925
2000,740,Prostate cancer,3,5164994.44379253,5164.994443792531,5.16499444379253,NA,NA,13.,Prostate cancer,NA,2841004961.46513,0.0018180166926315044
2000,742,Testicular cancer,3,447718.099708747,447.718099708747,0.447718099708747,NA,NA,14.,Testicular cancer,NA,2841004961.46513,1.5759145294764112e-4
2000,745,Kidney cancer,3,3077084.12415766,3077.08412415766,3.0770841241576603,NA,NA,15.,Kidney cancer,NA,2841004961.46513,0.0010830970610381414
2000,750,Bladder cancer,3,3442686.26257478,3442.68626257478,3.44268626257478,NA,NA,16.,Bladder cancer,NA,2841004961.46513,0.0012117846710128087
2000,751,Brain and nervous system cancers,3,7140960.84032401,7140.96084032401,7.14096084032401,NA,NA,17.,Brain and nervous system cancers,NA,2841004961.46513,0.00251353339300096
2000,752,Gallbladder and biliary tract cancer,3,2567579.90281939,2567.57990281939,2.5675799028193897,NA,NA,18.,Gallbladder and biliary tract cancer,NA,2841004961.46513,9.037576271937475e-4
2000,753,Larynx cancer,3,2781648.4284764,2781.6484284764,2.7816484284764003,NA,NA,19.,Larynx cancer,NA,2841004961.46513,9.791072054453158e-4
2000,754,Thyroid cancer,3,831965.830877177,831.9658308771769,0.8319658308771769,NA,NA,20.,Thyroid cancer,NA,2841004961.46513,2.928420900919952e-4
2000,755,Mesothelioma,3,403593.410008854,403.593410008854,0.403593410008854,NA,NA,21.,Mesothelioma,NA,2841004961.46513,1.4206008630154504e-4
2000,760,"Lymphomas, multiple myeloma",3,9397845.28646735,9397.845286467349,9.39784528646735,NA,NA,22.,"Lymphomas, multiple myeloma",NA,2841004961.46513,0.003307929909992414
2000,761,Hodgkin lymphoma,4,1306832.50287566,1306.83250287566,1.30683250287566,NA,NA,NA,a.,Hodgkin lymphoma,2841004961.46513,4.5998951800552845e-4
2000,762,Non-Hodgkin lymphoma,4,6428523.3437407,6428.5233437407,6.4285233437407,NA,NA,NA,b.,Non-Hodgkin lymphoma,2841004961.46513,0.002262763856781671
2000,763,Multiple myeloma,4,1662489.43985099,1662.48943985099,1.66248943985099,NA,NA,NA,c.,Multiple myeloma,2841004961.46513,5.85176535205215e-4
2000,770,Leukaemia,3,11853948.0051609,11853.9480051609,11.8539480051609,NA,NA,23.,Leukaemia,NA,2841004961.46513,0.004172448892538266
2000,780,Other malignant neoplasms,3,14572368.0483726,14572.3680483726,14.572368048372601,NA,NA,24.,Other malignant neoplasms,NA,2841004961.46513,0.0051293004574189515
2000,790,Other neoplasms,2,1847314.22060347,1847.31422060347,1.84731422060347,NA,B.,Other neoplasms,NA,NA,2841004961.46513,6.502326626176656e-4
2000,800,Diabetes mellitus,2,38102039.9942775,38102.0399942775,38.1020399942775,NA,C.,Diabetes mellitus,NA,NA,2841004961.46513,0.013411465488827573
2000,810,"Endocrine, blood, immune disorders",2,20406714.4976702,20406.7144976702,20.4067144976702,NA,D.,"Endocrine, blood, immune disorders",NA,NA,2841004961.46513,0.007182921105194511
2000,811,Thalassaemias,3,2971858.40848605,2971.85840848605,2.97185840848605,NA,NA,1.,Thalassaemias,NA,2841004961.46513,0.001046058859029038
2000,812,Sickle cell disorders and trait,3,3570353.44140935,3570.35344140935,3.57035344140935,NA,NA,2.,Sickle cell disorders and trait,NA,2841004961.46513,0.0012567220014878429
2000,813,Other haemoglobinopathies and haemolytic anaemias,3,3869380.20839763,3869.38020839763,3.8693802083976303,NA,NA,3.,Other haemoglobinopathies and haemolytic anaemias,NA,2841004961.46513,0.0013619758715247574
2000,814,"Other endocrine, blood and immune disorders",3,9995122.43937712,9995.122439377119,9.99512243937712,NA,NA,4.,"Other endocrine, blood and immune disorders",NA,2841004961.46513,0.0035181643731528552
2000,820,Mental and substance use disorders,2,136022601.788462,136022.60178846202,136.02260178846203,NA,E.,Mental and substance use disorders,NA,NA,2841004961.46513,0.04787834010621158
2000,830,Depressive disorders,3,36945016.4667635,36945.016466763496,36.9450164667635,NA,NA,1.,Depressive disorders,NA,2841004961.46513,0.013004206950666727
2000,840,Bipolar disorder,3,5884817.05036104,5884.81705036104,5.88481705036104,NA,NA,2.,Bipolar disorder,NA,2841004961.46513,0.002071385699842703
2000,850,Schizophrenia,3,10724720.323337,10724.720323337,10.724720323337,NA,NA,3.,Schizophrenia,NA,2841004961.46513,0.0037749741618917036
2000,860,Alcohol use disorders,3,16442765.9421864,16442.7659421864,16.4427659421864,NA,NA,4.,Alcohol use disorders,NA,2841004961.46513,0.00578765829881083
2000,870,Drug use disorders,3,11211164.1112963,11211.1641112963,11.2111641112963,NA,NA,5.,Drug use disorders,NA,2841004961.46513,0.003946196597106473
2000,871,Opioid use disorders,4,7239229.46514073,7239.22946514073,7.23922946514073,NA,NA,NA,a.,Opioid use disorders,2841004961.46513,0.0025481227816678644
2000,872,Cocaine use disorders,4,775493.281615254,775.493281615254,0.775493281615254,NA,NA,NA,b.,Cocaine use disorders,2841004961.46513,2.729644235521946e-4
2000,873,Amphetamine use disorders,4,1782651.61919758,1782.65161919758,1.78265161919758,NA,NA,NA,c.,Amphetamine use disorders,2841004961.46513,6.274721950074497e-4
2000,874,Cannabis use disorders,4,544861.261522708,544.861261522708,0.544861261522708,NA,NA,NA,d.,Cannabis use disorders,2841004961.46513,1.9178469200621125e-4
2000,875,Other drug use disorders,4,868928.483819986,868.928483819986,0.868928483819986,NA,NA,NA,e.,Other drug use disorders,2841004961.46513,3.058525048727378e-4
2000,880,Anxiety disorders,3,27792614.6111328,27792.6146111328,27.7926146111328,NA,NA,6.,Anxiety disorders,NA,2841004961.46513,0.00978267021286718
2000,890,Eating disorders,3,2493421.20730915,2493.4212073091503,2.49342120730915,NA,NA,7.,Eating disorders,NA,2841004961.46513,8.776546472566778e-4
2000,900,Austism and Asperger syndrome,3,9078130.33250622,9078.13033250622,9.078130332506221,NA,NA,8.,Austism and Asperger syndrome,NA,2841004961.46513,0.0031953940438824695
2000,910,Childhood behavioural disorders,3,5473761.56388627,5473.76156388627,5.47376156388627,NA,NA,9.,Childhood behavioural disorders,NA,2841004961.46513,0.0019266990512622707
2000,911,Attention deficit/hyperactivity syndrome,4,983379.88559734,983.3798855973399,0.9833798855973399,NA,NA,NA,a.,Attention deficit/hyperactivity syndrome,2841004961.46513,3.461380388051849e-4
2000,912,Conduct disorder,4,4490381.67828893,4490.38167828893,4.49038167828893,NA,NA,NA,b.,Conduct disorder,2841004961.46513,0.001580561012457086
2000,920,Idiopathic intellectual disability,3,3784630.46667044,3784.63046667044,3.78463046667044,NA,NA,10.,Idiopathic intellectual disability,NA,2841004961.46513,0.001332144969123417
2000,930,Other mental and behavioural disorders,3,6191559.71301288,6191.55971301288,6.19155971301288,NA,NA,11.,Other mental and behavioural disorders,NA,2841004961.46513,0.0021793554735011237
2000,940,Neurological conditions,2,72104831.5806943,72104.8315806943,72.10483158069431,NA,F.,Neurological conditions,NA,NA,2841004961.46513,0.02538004423037306
2000,950,Alzheimer disease and other dementias,3,14553488.5250208,14553.4885250208,14.5534885250208,NA,NA,1.,Alzheimer disease and other dementias,NA,2841004961.46513,0.0051226550894566
2000,960,Parkinson disease,3,3331759.80954536,3331.75980954536,3.33175980954536,NA,NA,2.,Parkinson disease,NA,2841004961.46513,0.0011727398771690788
2000,970,Epilepsy,3,13160583.5192276,13160.583519227599,13.1605835192276,NA,NA,3.,Epilepsy,NA,2841004961.46513,0.004632369072822941
2000,980,Multiple sclerosis,3,745014.996169896,745.014996169896,0.745014996169896,NA,NA,4.,Multiple sclerosis,NA,2841004961.46513,2.6223642910700357e-4
2000,990,Migraine,3,32415854.071337,32415.854071337,32.415854071337,NA,NA,5.,Migraine,NA,2841004961.46513,0.011409995586427937
2000,1000,Non-migrane headache,3,3369955.85339284,3369.95585339284,3.36995585339284,NA,NA,6.,Non-migrane headache,NA,2841004961.46513,0.0011861844308976234
2000,1010,Other neurological conditions,3,4528174.80600086,4528.17480600086,4.528174806000861,NA,NA,7.,Other neurological conditions,NA,2841004961.46513,0.0015938637444918937
2000,1020,Sense organ diseases,2,46798873.3076249,46798.8733076249,46.7988733076249,NA,G.,Sense organ diseases,NA,NA,2841004961.46513,0.0164726475111435
2000,1030,Glaucoma,3,526114.908040872,526.1149080408719,0.5261149080408719,NA,NA,1.,Glaucoma,NA,2841004961.46513,1.8518619825625017e-4
2000,1040,Cataracts,3,4402004.83795446,4402.00483795446,4.402004837954459,NA,NA,2.,Cataracts,NA,2841004961.46513,0.0015494534144299098
2000,1050,Uncorrected refractive errors,3,10398982.235943,10398.982235943,10.398982235943,NA,NA,3.,Uncorrected refractive errors,NA,2841004961.46513,0.003660318224358242
2000,1060,Macular degeneration,3,366248.969731658,366.248969731658,0.366248969731658,NA,NA,4.,Macular degeneration,NA,2841004961.46513,1.2891528691409972e-4
2000,1070,Other vision loss,3,2101003.43583036,2101.0034358303596,2.1010034358303598,NA,NA,5.,Other vision loss,NA,2841004961.46513,7.395282529696304e-4
2000,1080,Other hearing loss,3,26639914.3773657,26639.9143773657,26.639914377365702,NA,NA,6.,Other hearing loss,NA,2841004961.46513,0.009376933422751671
2000,1090,Other sense organ disorders,3,2364604.54275895,2364.60454275895,2.36460454275895,NA,NA,7.,Other sense organ disorders,NA,2841004961.46513,8.323127114637293e-4
2000,1100,Cardiovascular diseases,2,344264513.322484,344264.51332248404,344.264513322484,NA,H.,Cardiovascular diseases,NA,NA,2841004961.46513,0.12117701939701786
2000,1110,Rheumatic heart disease,3,15849461.0791711,15849.4610791711,15.849461079171101,NA,NA,1.,Rheumatic heart disease,NA,2841004961.46513,0.005578822034509014
2000,1120,Hypertensive heart disease,3,16921843.5445559,16921.843544555897,16.921843544555898,NA,NA,2.,Hypertensive heart disease,NA,2841004961.46513,0.005956287924196078
2000,1130,Ischaemic heart disease,3,143429489.911942,143429.48991194202,143.429489911942,NA,NA,3.,Ischaemic heart disease,NA,2841004961.46513,0.05048547674410756
2000,1140,Stroke,3,137078927.963907,137078.92796390702,137.078927963907,NA,NA,4.,Stroke,NA,2841004961.46513,0.04825015437256198
2000,1141,Ischaemic stroke,4,53328037.9342324,53328.0379342324,53.3280379342324,NA,NA,NA,a.,Ischaemic stroke,2841004961.46513,0.01877083590404245
2000,1142,Haemorrhagic stroke,4,83750890.0015716,83750.89000157159,83.75089000157159,NA,NA,NA,b.,Haemorrhagic stroke,2841004961.46513,0.0294793184586276
2000,1150,"Cardiomyopathy, myocarditis, endocarditis",3,11702720.1251204,11702.720125120399,11.702720125120399,NA,NA,5.,"Cardiomyopathy, myocarditis, endocarditis",NA,2841004961.46513,0.00411921847510087
2000,1160,Other circulatory diseases,3,19282070.6977878,19282.0706977878,19.2820706977878,NA,NA,6.,Other circulatory diseases,NA,2841004961.46513,0.006787059846542427
2000,1170,Respiratory diseases,2,93475797.9228887,93475.7979228887,93.4757979228887,NA,I.,Respiratory diseases,NA,NA,2841004961.46513,0.03290237053112447
2000,1180,Chronic obstructive pulmonary disease,3,65182394.5715641,65182.3945715641,65.1823945715641,NA,NA,1.,Chronic obstructive pulmonary disease,NA,2841004961.46513,0.022943428630250964
2000,1190,Asthma,3,21335415.433007,21335.415433006998,21.335415433006997,NA,NA,2.,Asthma,NA,2841004961.46513,0.007509812803003395
2000,1200,Other respiratory diseases,3,6957987.91831762,6957.98791831762,6.957987918317619,NA,NA,3.,Other respiratory diseases,NA,2841004961.46513,0.002449129097870117
2000,1210,Digestive diseases,2,80876884.9308796,80876.88493087959,80.8768849308796,NA,J.,Digestive diseases,NA,NA,2841004961.46513,0.028467702812166408
2000,1220,Peptic ulcer disease,3,7856503.8011865,7856.5038011865,7.8565038011865,NA,NA,1.,Peptic ulcer disease,NA,2841004961.46513,0.002765396015758746
2000,1230,Cirrhosis of the liver,3,39725124.5722167,39725.1245722167,39.7251245722167,NA,NA,2.,Cirrhosis of the liver,NA,2841004961.46513,0.013982771980704363
2000,1231,Cirrhosis due to hepatitis B,4,11147157.7675943,11147.1577675943,11.147157767594301,NA,NA,NA,a.,Cirrhosis due to hepatitis B,2841004961.46513,0.0039236671244127705
2000,1232,Cirrhosis due to hepatitis C,4,9109042.15017552,9109.042150175519,9.109042150175519,NA,NA,NA,b.,Cirrhosis due to hepatitis C,2841004961.46513,0.0032062746365208424
2000,1233,Cirrhosis due to alcohol use,4,9800903.60767576,9800.903607675758,9.800903607675759,NA,NA,NA,c.,Cirrhosis due to alcohol use,2841004961.46513,0.003449801651392172
2000,1234,Other liver cirrhosis,4,9668021.04677105,9668.02104677105,9.668021046771049,NA,NA,NA,d.,Other liver cirrhosis,2841004961.46513,0.003403028568378554
2000,1240,Appendicitis,3,1927510.30889306,1927.51030889306,1.92751030889306,NA,NA,3.,Appendicitis,NA,2841004961.46513,6.784607330988352e-4
2000,1241,Gastritis and duodenitis,3,2453383.10111092,2453.38310111092,2.4533831011109197,NA,NA,4.,Gastritis and duodenitis,NA,2841004961.46513,8.635617094613203e-4
2000,1242,Paralytic ileus and intestinal obstruction,3,6259612.7033384,6259.6127033384,6.259612703338401,NA,NA,5.,Paralytic ileus and intestinal obstruction,NA,2841004961.46513,0.002203309317738842
2000,1244,Inflammatory bowel disease,3,1058184.46731514,1058.18446731514,1.05818446731514,NA,NA,6.,Inflammatory bowel disease,NA,2841004961.46513,3.724683630152569e-4
2000,1246,Gallbladder and biliary diseases,3,5459291.46926875,5459.29146926875,5.45929146926875,NA,NA,7.,Gallbladder and biliary diseases,NA,2841004961.46513,0.0019216057498376731
2000,1248,Pancreatitis,3,3229920.91754423,3229.9209175442297,3.22992091754423,NA,NA,8.,Pancreatitis,NA,2841004961.46513,0.0011368937968621261
2000,1250,Other digestive diseases,3,12907353.590006,12907.353590006,12.907353590006,NA,NA,9.,Other digestive diseases,NA,2841004961.46513,0.004543235145689281
2000,1260,Genitourinary diseases,2,55054275.3695475,55054.275369547504,55.054275369547504,NA,K.,Genitourinary diseases,NA,NA,2841004961.46513,0.01937845097643038
2000,1270,Kidney diseases,3,26191956.8709139,26191.956870913902,26.191956870913902,NA,NA,1.,Kidney diseases,NA,2841004961.46513,0.009219257701474231
2000,1271,Acute glomerulonephritis,4,421708.640903449,421.70864090344895,0.42170864090344895,NA,NA,NA,a.,Acute glomerulonephritis,2841004961.46513,1.4843643239748877e-4
2000,1272,Chronic kidney disease due to diabetes,4,8121233.96267034,8121.233962670341,8.12123396267034,NA,NA,NA,b.,Chronic kidney disease due to diabetes,2841004961.46513,0.002858577888044994
2000,1273,Other chronic kidney disease,4,17649014.2673401,17649.014267340102,17.6490142673401,NA,NA,NA,c.,Other chronic kidney disease,2841004961.46513,0.006212243381031745
2000,1280,Benign prostatic hyperplasia,3,1245905.27233602,1245.9052723360198,1.24590527233602,NA,NA,2.,Benign prostatic hyperplasia,NA,2841004961.46513,4.3854385657021033e-4
2000,1290,Urolithiasis,3,461825.576367148,461.825576367148,0.46182557636714805,NA,NA,3.,Urolithiasis,NA,2841004961.46513,1.625571171579302e-4
2000,1300,Other urinary diseases,3,5065692.78038642,5065.69278038642,5.06569278038642,NA,NA,4.,Other urinary diseases,NA,2841004961.46513,0.0017830636866519234
2000,1310,Infertility,3,579820.76985868,579.82076985868,0.5798207698586799,NA,NA,5.,Infertility,NA,2841004961.46513,2.04090023679389e-4
2000,1320,Gynecological diseases,3,21509074.0996853,21509.074099685302,21.5090740996853,NA,NA,6.,Gynecological diseases,NA,2841004961.46513,0.007570938590896685
2000,1330,Skin diseases,2,32183581.5616413,32183.5815616413,32.1835815616413,NA,L.,Skin diseases,NA,NA,2841004961.46513,0.011328238422027943
2000,1340,Musculoskeletal diseases,2,104727580.738878,104727.580738878,104.727580738878,NA,M.,Musculoskeletal diseases,NA,NA,2841004961.46513,0.036862864429799906
2000,1350,Rheumatoid arthritis,3,1897337.63389009,1897.33763389009,1.89733763389009,NA,NA,1.,Rheumatoid arthritis,NA,2841004961.46513,6.678403098992186e-4
2000,1360,Osteoarthritis,3,11305203.9378947,11305.2039378947,11.3052039378947,NA,NA,2.,Osteoarthritis,NA,2841004961.46513,0.00397929749903165
2000,1370,Gout,3,888134.442489503,888.1344424895029,0.8881344424895029,NA,NA,3.,Gout,NA,2841004961.46513,3.1261277418941384e-4
2000,1380,Back and neck pain,3,63148531.7495546,63148.5317495546,63.1485317495546,NA,NA,4.,Back and neck pain,NA,2841004961.46513,0.022227533075826932
2000,1390,Other musculoskeletal disorders,3,27488372.9750486,27488.3729750486,27.488372975048602,NA,NA,5.,Other musculoskeletal disorders,NA,2841004961.46513,0.009675580770852515
2000,1400,Congenital anomalies,2,56219156.6782429,56219.1566782429,56.219156678242896,NA,N.,Congenital anomalies,NA,NA,2841004961.46513,0.019788475360229648
2000,1410,Neural tube defects,3,6208659.90250265,6208.659902502651,6.20865990250265,NA,NA,1.,Neural tube defects,NA,2841004961.46513,0.002185374537079581
2000,1420,Cleft lip and cleft palate,3,727054.830526457,727.0548305264571,0.727054830526457,NA,NA,2.,Cleft lip and cleft palate,NA,2841004961.46513,2.559146641375483e-4
2000,1430,Down syndrome,3,1818167.15520792,1818.16715520792,1.81816715520792,NA,NA,3.,Down syndrome,NA,2841004961.46513,6.399732418173167e-4
2000,1440,Congenital heart anomalies,3,26578070.9847154,26578.0709847154,26.5780709847154,NA,NA,4.,Congenital heart anomalies,NA,2841004961.46513,0.00935516528313589
2000,1450,Other chromosomal anomalies,3,1636699.75871713,1636.69975871713,1.63669975871713,NA,NA,5.,Other chromosomal anomalies,NA,2841004961.46513,5.760988737848139e-4
2000,1460,Other congenital anomalies,3,19250504.0465733,19250.5040465733,19.2505040465733,NA,NA,6.,Other congenital anomalies,NA,2841004961.46513,0.006775948760274483
2000,1470,Oral conditions,2,15062807.1807327,15062.8071807327,15.0628071807327,NA,O.,Oral conditions,NA,NA,2841004961.46513,0.0053019292064047235
2000,1480,Dental caries,3,1893917.29247683,1893.91729247683,1.8939172924768302,NA,NA,1.,Dental caries,NA,2841004961.46513,6.666363903497448e-4
2000,1490,Periodontal disease,3,4418440.12109159,4418.44012109159,4.4184401210915905,NA,NA,2.,Periodontal disease,NA,2841004961.46513,0.0015552384388702243
2000,1500,Edentulism,3,5468625.79334243,5468.62579334243,5.46862579334243,NA,NA,3.,Edentulism,NA,2841004961.46513,0.0019248913210352912
2000,1502,Other oral disorders,3,3281823.97382184,3281.82397382184,3.2818239738218398,NA,NA,4.,Other oral disorders,NA,2841004961.46513,0.0011551630561494606
2000,1505,Sudden infant death syndrome,2,5598588.76279138,5598.58876279138,5.598588762791381,NA,P.,Sudden infant death syndrome,NA,NA,2841004961.46513,0.0019706367425363952
2000,1510,Injuries,1,282914940.77568,282914.94077568,282.91494077568,III.,Injuries,NA,NA,NA,2841004961.46513,0.09958269859190194
2000,1520,Unintentional injuries,2,199825077.001475,199825.077001475,199.825077001475,NA,A.,Unintentional injuries,NA,NA,2841004961.46513,0.07033605351341012
2000,1530,Road injury,3,74694117.3690416,74694.1173690416,74.6941173690416,NA,NA,1.,Road injury,NA,2841004961.46513,0.026291442071442645
2000,1540,Poisonings,3,3791483.93601527,3791.48393601527,3.79148393601527,NA,NA,2.,Poisonings,NA,2841004961.46513,0.0013345573089249272
2000,1550,Falls,3,32592205.8956327,32592.2058956327,32.5922058956327,NA,NA,3.,Falls,NA,2841004961.46513,0.011472069333812295
2000,1560,"Fire, heat and hot substances",3,10247925.5109994,10247.925510999401,10.2479255109994,NA,NA,4.,"Fire, heat and hot substances",NA,2841004961.46513,0.0036071480514819165
2000,1570,Drowning,3,26240241.0696575,26240.241069657503,26.2402410696575,NA,NA,5.,Drowning,NA,2841004961.46513,0.00923625316589563
2000,1575,Exposure to mechanical forces,3,11129282.5565214,11129.2825565214,11.129282556521401,NA,NA,6.,Exposure to mechanical forces,NA,2841004961.46513,0.0039173752624430255
2000,1580,Natural disasters,3,895757.39091185,895.75739091185,0.89575739091185,NA,NA,7.,Natural disasters,NA,2841004961.46513,3.1529596148607234e-4
2000,1590,Other unintentional injuries,3,40234063.2726954,40234.0632726954,40.2340632726954,NA,NA,8.,Other unintentional injuries,NA,2841004961.46513,0.01416191235792364
2000,1600,Intentional injuries,2,83089863.7742053,83089.8637742053,83.0898637742053,NA,B.,Intentional injuries,NA,NA,2841004961.46513,0.02924664507849193
2000,1610,Self-harm,3,38803829.2268997,38803.829226899696,38.8038292268997,NA,NA,1.,Self-harm,NA,2841004961.46513,0.0136584869626163
2000,1620,Interpersonal violence,3,33398624.0622089,33398.624062208895,33.398624062208896,NA,NA,2.,Interpersonal violence,NA,2841004961.46513,0.011755918949534306
2000,1630,Collective violence and legal intervention,3,10887410.4850967,10887.4104850967,10.8874104850967,NA,NA,3.,Collective violence and legal intervention,NA,2841004961.46513,0.003832239166341326
2000,1700,Other COVID-19 pandemic-related outcomes,2,0,0,0,NA,C.,Other COVID-19 pandemic-related outcomes,NA,NA,2841004961.46513,0
2010,0,All Causes,0,2720239916.81449,2720239.9168144898,2720.23991681449,NA,All Causes,NA,NA,NA,2720239916.81449,1
2010,10,"Communicable, maternal, perinatal and nutritional conditions",1,942977793.683291,942977.793683291,942.977793683291,I.,"Communicable, maternal, perinatal and nutritional conditions",NA,NA,NA,2720239916.81449,0.3466524360055549
2010,20,Infectious and parasitic diseases,2,457769259.171507,457769.259171507,457.769259171507,NA,A.,Infectious and parasitic diseases,NA,NA,2720239916.81449,0.1682826784291781
2010,30,Tuberculosis,3,88456046.0972729,88456.0460972729,88.4560460972729,NA,NA,1.,Tuberculosis,NA,2720239916.81449,0.03251773696522271
2010,40,STDs excluding HIV,3,7062879.26658834,7062.879266588339,7.0628792665883395,NA,NA,2.,STDs excluding HIV,NA,2720239916.81449,0.002596417772907051
2010,50,Syphilis,4,5952545.53925303,5952.54553925303,5.9525455392530295,NA,NA,NA,a.,Syphilis,2720239916.81449,0.0021882428466911477
2010,60,Chlamydia,4,142890.114221398,142.890114221398,0.142890114221398,NA,NA,NA,b.,Chlamydia,2720239916.81449,5.252849696754985e-5
2010,70,Gonorrhoea,4,69168.786085379,69.16878608537901,0.069168786085379,NA,NA,NA,c.,Gonorrhoea,2720239916.81449,2.542745794509862e-5
2010,80,Trichomoniasis,4,232031.762361337,232.031762361337,0.232031762361337,NA,NA,NA,d.,Trichomoniasis,2720239916.81449,8.529827127640105e-5
2010,85,Gential Herpes,4,214105.898854486,214.10589885448601,0.214105898854486,NA,NA,NA,e.,Gential Herpes,2720239916.81449,7.870846153350055e-5
2010,90,Other STDs,4,452137.165812713,452.13716581271296,0.45213716581271296,NA,NA,NA,f.,Other STDs,2720239916.81449,1.6621223849335457e-4
2010,100,HIV/AIDS,3,76999266.7922969,76999.2667922969,76.99926679229691,NA,NA,3.,HIV/AIDS,NA,2720239916.81449,0.028306057240151866
2010,110,Diarrhoeal diseases,3,104276109.736836,104276.109736836,104.276109736836,NA,NA,4.,Diarrhoeal diseases,NA,2720239916.81449,0.03833342386172596
2010,120,Childhood-cluster diseases,3,42346179.8190245,42346.1798190245,42.346179819024506,NA,NA,5.,Childhood-cluster diseases,NA,2720239916.81449,0.01556707537348896
2010,130,Whooping cough,4,14685549.1702231,14685.5491702231,14.6855491702231,NA,NA,NA,a.,Whooping cough,2720239916.81449,0.005398622775677988
2010,140,Diphtheria,4,619674.011930119,619.674011930119,0.6196740119301191,NA,NA,NA,b.,Diphtheria,2720239916.81449,2.2780123477335857e-4
2010,150,Measles,4,24473151.9842172,24473.151984217202,24.4731519842172,NA,NA,NA,c.,Measles,2720239916.81449,0.008996688796801513
2010,160,Tetanus,4,2567804.65265411,2567.80465265411,2.56780465265411,NA,NA,NA,d.,Tetanus,2720239916.81449,9.439625662361106e-4
2010,170,Meningitis,3,21668723.2933467,21668.7232933467,21.668723293346698,NA,NA,6.,Meningitis,NA,2720239916.81449,0.007965739771483703
2010,180,Encephalitis,3,4821831.56740594,4821.83156740594,4.82183156740594,NA,NA,7.,Encephalitis,NA,2720239916.81449,0.001772575844358794
2010,185,Hepatitis,3,9029525.10344874,9029.52510344874,9.029525103448739,NA,NA,8.,Hepatitis,NA,2720239916.81449,0.003319385561411317
2010,186,Acute hepatitis A,4,5108887.05477183,5108.887054771831,5.10888705477183,NA,NA,NA,a.,Acute hepatitis A,2720239916.81449,0.0018781016421355004
2010,190,Acute hepatitis B,4,2649742.91241012,2649.74291241012,2.64974291241012,NA,NA,NA,b.,Acute hepatitis B,2720239916.81449,9.740842695643829e-4
2010,200,Acute hepatitis C,4,998067.645553227,998.0676455532271,0.998067645553227,NA,NA,NA,c.,Acute hepatitis C,2720239916.81449,3.6690427170924113e-4
2010,205,Acute hepatitis E,4,272827.490713562,272.827490713562,0.272827490713562,NA,NA,NA,d.,Acute hepatitis E,2720239916.81449,1.0029537800219252e-4
2010,210,Parasitic and vector diseases,3,78997603.2958673,78997.60329586729,78.9976032958673,NA,NA,9.,Parasitic and vector diseases,NA,2720239916.81449,0.029040674981483494
2010,220,Malaria,4,62838856.2376175,62838.8562376175,62.8388562376175,NA,NA,NA,a.,Malaria,2720239916.81449,0.023100483104153666
2010,230,Trypanosomiasis,4,411679.262797829,411.679262797829,0.411679262797829,NA,NA,NA,b.,Trypanosomiasis,2720239916.81449,1.513393213051303e-4
2010,240,Chagas disease,4,242161.739997289,242.161739997289,0.242161739997289,NA,NA,NA,c.,Chagas disease,2720239916.81449,8.902219929221174e-5
2010,250,Schistosomiasis,4,2329595.37386254,2329.59537386254,2.32959537386254,NA,NA,NA,d.,Schistosomiasis,2720239916.81449,8.563933495213869e-4
2010,260,Leishmaniasis,4,1415333.80249218,1415.33380249218,1.41533380249218,NA,NA,NA,e.,Leishmaniasis,2720239916.81449,5.202974170563575e-4
2010,270,lymphatic filariasis,4,1904267.16403543,1904.26716403543,1.9042671640354298,NA,NA,NA,f.,lymphatic filariasis,2720239916.81449,7.000364755566866e-4
2010,280,Onchocerciasis,4,1126697.33608942,1126.6973360894199,1.12669733608942,NA,NA,NA,g.,Onchocerciasis,2720239916.81449,4.1419042825047126e-4
2010,285,Cysticercosis,4,1250553.66044306,1250.5536604430602,1.25055366044306,NA,NA,NA,h.,Cysticercosis,2720239916.81449,4.5972182553203196e-4
2010,295,Echinococcosis,4,652169.694209956,652.169694209956,0.652169694209956,NA,NA,NA,i.,Echinococcosis,2720239916.81449,2.3974712310437414e-4
2010,300,Dengue,4,1991135.7250454,1991.1357250454,1.9911357250454,NA,NA,NA,j.,Dengue,2720239916.81449,7.31970629773384e-4
2010,310,Trachoma,4,145180.343285147,145.18034328514702,0.145180343285147,NA,NA,NA,k.,Trachoma,2720239916.81449,5.337041868540736e-5
2010,315,Yellow fever,4,742471.76899514,742.47176899514,0.74247176899514,NA,NA,NA,l.,Yellow fever,2720239916.81449,2.7294348722909864e-4
2010,320,Rabies,4,3947501.18699641,3947.50118699641,3.9475011869964103,NA,NA,NA,m.,Rabies,2720239916.81449,0.001451159202023288
2010,330,Intestinal nematode infections,3,3268540.59675872,3268.54059675872,3.26854059675872,NA,NA,10.,Intestinal nematode infections,NA,2720239916.81449,0.0012015633534950521
2010,340,Ascariasis,4,992133.005368692,992.133005368692,0.992133005368692,NA,NA,NA,a.,Ascariasis,2720239916.81449,3.6472261113296194e-4
2010,350,Trichuriasis,4,246941.189537956,246.941189537956,0.246941189537956,NA,NA,NA,b.,Trichuriasis,2720239916.81449,9.077919488334472e-5
2010,360,Hookworm disease,4,1207346.66822748,1207.34666822748,1.20734666822748,NA,NA,NA,c.,Hookworm disease,2720239916.81449,4.438383029248874e-4
2010,362,Food-borne trematodes,4,822119.733624588,822.119733624588,0.822119733624588,NA,NA,NA,d.,Food-borne trematodes,2720239916.81449,3.0222324455385656e-4
2010,365,Leprosy,3,34477.451975793,34.477451975793,0.034477451975793,NA,NA,11.,Leprosy,NA,2720239916.81449,1.2674415871438092e-5
2010,370,Other infectious diseases,3,20808076.1506857,20808.0761506857,20.8080761506857,NA,NA,12.,Other infectious diseases,NA,2720239916.81449,0.007649353287577956
2010,380,Respiratory Infectious,2,146583737.119642,146583.737119642,146.583737119642,NA,B.,Respiratory Infectious,NA,NA,2720239916.81449,0.053886326795504653
2010,390,Lower respiratory infections,3,138733918.307882,138733.918307882,138.73391830788202,NA,NA,1.,Lower respiratory infections,NA,2720239916.81449,0.05100061853012767
2010,395,COVID-19,3,0,0,0,NA,NA,2.,COVID-19,NA,2720239916.81449,0
2010,400,Upper respiratory infections,3,5451974.99348361,5451.974993483611,5.451974993483611,NA,NA,3.,Upper respiratory infections,NA,2720239916.81449,0.002004225788976765
2010,410,Otitis media,3,2397843.81827685,2397.84381827685,2.3978438182768502,NA,NA,4.,Otitis media,NA,2720239916.81449,8.814824764003984e-4
2010,420,Maternal conditions,2,20333400.0673909,20333.4000673909,20.3334000673909,NA,C.,Maternal conditions,NA,NA,2720239916.81449,0.007474855413195366
2010,490,Neonatal conditions,2,259585363.351737,259585.363351737,259.585363351737,NA,D.,Neonatal conditions,NA,NA,2720239916.81449,0.09542737820556721
2010,500,Preterm birth complications,3,124902477.85462,124902.47785462,124.90247785461999,NA,NA,1.,Preterm birth complications,NA,2720239916.81449,0.045915978617388206
2010,510,Birth asphyxia and birth trauma,3,78634874.3257737,78634.87432577371,78.6348743257737,NA,NA,2.,Birth asphyxia and birth trauma,NA,2720239916.81449,0.028907330504089616
2010,520,Neonatal sepsis and infections,3,23871628.4591748,23871.6284591748,23.8716284591748,NA,NA,3.,Neonatal sepsis and infections,NA,2720239916.81449,0.008775559946612884
2010,530,Other neonatal conditions,3,32176382.7121684,32176.3827121684,32.1763827121684,NA,NA,4.,Other neonatal conditions,NA,2720239916.81449,0.01182850913747646
2010,540,Nutritional deficiencies,2,58706033.9730143,58706.0339730143,58.7060339730143,NA,E.,Nutritional deficiencies,NA,NA,2720239916.81449,0.021581197162109666
2010,550,Protein-energy malnutrition,3,20613084.6247713,20613.0846247713,20.6130846247713,NA,NA,1.,Protein-energy malnutrition,NA,2720239916.81449,0.007577671549247042
2010,560,Iodine deficiency,3,2369817.02803113,2369.8170280311297,2.3698170280311297,NA,NA,2.,Iodine deficiency,NA,2720239916.81449,8.711794181765705e-4
2010,570,Vitamin A deficiency,3,1489461.80523471,1489.46180523471,1.48946180523471,NA,NA,3.,Vitamin A deficiency,NA,2720239916.81449,5.475479556152274e-4
2010,580,Iron-deficiency anaemia,3,32006298.0496545,32006.2980496545,32.0062980496545,NA,NA,4.,Iron-deficiency anaemia,NA,2720239916.81449,0.011765983526605682
2010,590,Other nutritional deficiencies,3,2227372.4653227,2227.3724653227,2.2273724653227,NA,NA,5.,Other nutritional deficiencies,NA,2720239916.81449,8.188147124651572e-4
2010,600,Noncommunicable diseases,1,1491874428.89147,1491874.42889147,1491.87442889147,II.,Noncommunicable diseases,NA,NA,NA,2720239916.81449,0.5484348713765346
2010,610,Malignant neoplasms,2,230433604.663006,230433.604663006,230.433604663006,NA,A.,Malignant neoplasms,NA,NA,2720239916.81449,0.08471076511988436
2010,620,Mouth and oropharynx cancers,3,9908790.64822165,9908.79064822165,9.908790648221649,NA,NA,1.,Mouth and oropharynx cancers,NA,2720239916.81449,0.003642616442385435
2010,621,Lip and oral cavity,4,4778294.91941015,4778.294919410149,4.77829491941015,NA,NA,NA,a.,Lip and oral cavity,2720239916.81449,0.0017565711354628325
2010,622,Nasopharynx,4,2520453.21327254,2520.45321327254,2.52045321327254,NA,NA,NA,b.,Nasopharynx,2720239916.81449,9.265554842030595e-4
2010,623,Other pharynx,4,2610042.51553897,2610.04251553897,2.61004251553897,NA,NA,NA,c.,Other pharynx,2720239916.81449,9.59489822719547e-4
2010,630,Oesophagus cancer,3,12345696.6669085,12345.696666908501,12.3456966669085,NA,NA,2.,Oesophagus cancer,NA,2720239916.81449,0.004538458755272515
2010,640,Stomach cancer,3,22222477.7098919,22222.4777098919,22.2224777098919,NA,NA,3.,Stomach cancer,NA,2720239916.81449,0.008169307998360421
2010,650,Colon and rectum cancers,3,19447480.5134426,19447.4805134426,19.4474805134426,NA,NA,4.,Colon and rectum cancers,NA,2720239916.81449,0.007149178421077057
2010,660,Liver cancer,3,14700197.9733863,14700.1979733863,14.7001979733863,NA,NA,5.,Liver cancer,NA,2720239916.81449,0.0054040078900837625
2010,661,Liver cancer secondary to hepatitis B,4,7488375.77784987,7488.37577784987,7.488375777849869,NA,NA,NA,a.,Liver cancer secondary to hepatitis B,2720239916.81449,0.00275283651694188
2010,662,Liver cancer secondary to hepatitis C,4,2813580.19777838,2813.58019777838,2.81358019777838,NA,NA,NA,b.,Liver cancer secondary to hepatitis C,2720239916.81449,0.0010343132531755491
2010,663,Liver cancer secondary to alcohol use,4,2654802.89679946,2654.80289679946,2.65480289679946,NA,NA,NA,c.,Liver cancer secondary to alcohol use,2720239916.81449,9.759443938710895e-4
2010,664,Other liver cancer,4,1743439.10095859,1743.43910095859,1.74343910095859,NA,NA,NA,d.,Other liver cancer,2720239916.81449,6.409137260952435e-4
2010,670,Pancreas cancer,3,8307821.39029519,8307.82139029519,8.30782139029519,NA,NA,6.,Pancreas cancer,NA,2720239916.81449,0.0030540767154185362
2010,680,"Trachea, bronchus, lung cancers",3,39521526.94576,39521.52694575999,39.521526945759994,NA,NA,7.,"Trachea, bronchus, lung cancers",NA,2720239916.81449,0.014528691642772925
2010,690,Melanoma and other skin cancers,3,2888574.53460706,2888.57453460706,2.8885745346070597,NA,NA,8.,Melanoma and other skin cancers,NA,2720239916.81449,0.0010618822688219709
2010,691,Malignant skin melanoma,4,1642583.22497121,1642.5832249712098,1.6425832249712098,NA,NA,NA,a.,Malignant skin melanoma,2720239916.81449,6.03837630209743e-4
2010,692,Non-melanoma skin cancer,4,1245991.30963585,1245.9913096358498,1.24599130963585,NA,NA,NA,b.,Non-melanoma skin cancer,2720239916.81449,4.580446386122279e-4
2010,700,Breast cancer,3,17419688.1525427,17419.688152542698,17.419688152542697,NA,NA,9.,Breast cancer,NA,2720239916.81449,0.006403732275549376
2010,710,Cervix uteri cancer,3,9982366.33264745,9982.36633264745,9.98236633264745,NA,NA,10.,Cervix uteri cancer,NA,2720239916.81449,0.003669663940648736
2010,720,Corpus uteri cancer,3,1981692.53973661,1981.69253973661,1.9816925397366099,NA,NA,11.,Corpus uteri cancer,NA,2720239916.81449,7.284991766672006e-4
2010,730,Ovary cancer,3,4500957.84712737,4500.95784712737,4.50095784712737,NA,NA,12.,Ovary cancer,NA,2720239916.81449,0.0016546179692849196
2010,740,Prostate cancer,3,6260348.45525804,6260.348455258039,6.26034845525804,NA,NA,13.,Prostate cancer,NA,2720239916.81449,0.002301395702842696
2010,742,Testicular cancer,3,472761.105334759,472.761105334759,0.472761105334759,NA,NA,14.,Testicular cancer,NA,2720239916.81449,1.7379390046168473e-4
2010,745,Kidney cancer,3,3693470.32545751,3693.47032545751,3.69347032545751,NA,NA,15.,Kidney cancer,NA,2720239916.81449,0.001357773739965816
2010,750,Bladder cancer,3,3782505.91992589,3782.50591992589,3.78250591992589,NA,NA,16.,Bladder cancer,NA,2720239916.81449,0.0013905045273930677
2010,751,Brain and nervous system cancers,3,7937501.79225013,7937.50179225013,7.9375017922501305,NA,NA,17.,Brain and nervous system cancers,NA,2720239916.81449,0.00291794181211239
2010,752,Gallbladder and biliary tract cancer,3,2965615.57964649,2965.61557964649,2.96561557964649,NA,NA,18.,Gallbladder and biliary tract cancer,NA,2720239916.81449,0.00109020368435713
2010,753,Larynx cancer,3,2867133.71194524,2867.13371194524,2.86713371194524,NA,NA,19.,Larynx cancer,NA,2720239916.81449,0.001054000308657616
2010,754,Thyroid cancer,3,1038417.61585307,1038.41761585307,1.03841761585307,NA,NA,20.,Thyroid cancer,NA,2720239916.81449,3.81737511251985e-4
2010,755,Mesothelioma,3,593098.774473442,593.098774473442,0.593098774473442,NA,NA,21.,Mesothelioma,NA,2720239916.81449,2.1803178859605314e-4
2010,760,"Lymphomas, multiple myeloma",3,10060945.0714232,10060.9450714232,10.0609450714232,NA,NA,22.,"Lymphomas, multiple myeloma",NA,2720239916.81449,0.0036985506349031783
2010,761,Hodgkin lymphoma,4,1179051.26040359,1179.05126040359,1.17905126040359,NA,NA,NA,a.,Hodgkin lymphoma,2720239916.81449,4.334364969485142e-4
2010,762,Non-Hodgkin lymphoma,4,6823173.00128014,6823.17300128014,6.82317300128014,NA,NA,NA,b.,Non-Hodgkin lymphoma,2720239916.81449,0.0025082982420426905
2010,763,Multiple myeloma,4,2058720.80973947,2058.72080973947,2.05872080973947,NA,NA,NA,c.,Multiple myeloma,2720239916.81449,7.568158959119734e-4
2010,770,Leukaemia,3,11168638.079159,11168.638079159002,11.168638079159,NA,NA,23.,Leukaemia,NA,2720239916.81449,0.004105754793951383
2010,780,Other malignant neoplasms,3,16365896.9777119,16365.8969777119,16.3658969777119,NA,NA,24.,Other malignant neoplasms,NA,2720239916.81449,0.006016343219048495
2010,790,Other neoplasms,2,2237260.63852869,2237.2606385286904,2.2372606385286904,NA,B.,Other neoplasms,NA,NA,2720239916.81449,8.224497496340735e-4
2010,800,Diabetes mellitus,2,53104518.6720069,53104.518672006896,53.1045186720069,NA,C.,Diabetes mellitus,NA,NA,2720239916.81449,0.019521998167791915
2010,810,"Endocrine, blood, immune disorders",2,22474211.2938448,22474.2112938448,22.4742112938448,NA,D.,"Endocrine, blood, immune disorders",NA,NA,2720239916.81449,0.008261848947560112
2010,811,Thalassaemias,3,2793315.01517691,2793.31501517691,2.79331501517691,NA,NA,1.,Thalassaemias,NA,2720239916.81449,0.0010268634755010852
2010,812,Sickle cell disorders and trait,3,4225456.33303035,4225.45633303035,4.225456333030349,NA,NA,2.,Sickle cell disorders and trait,NA,2720239916.81449,0.0015533395811566976
2010,813,Other haemoglobinopathies and haemolytic anaemias,3,4040468.94713597,4040.46894713597,4.04046894713597,NA,NA,3.,Other haemoglobinopathies and haemolytic anaemias,NA,2720239916.81449,0.0014853355110925367
2010,814,"Other endocrine, blood and immune disorders",3,11414970.9985016,11414.970998501602,11.4149709985016,NA,NA,4.,"Other endocrine, blood and immune disorders",NA,2720239916.81449,0.004196310379809803
2010,820,Mental and substance use disorders,2,152169166.298997,152169.166298997,152.16916629899703,NA,E.,Mental and substance use disorders,NA,NA,2720239916.81449,0.055939612296107034
2010,830,Depressive disorders,3,41572572.2283134,41572.5722283134,41.572572228313405,NA,NA,1.,Depressive disorders,NA,2720239916.81449,0.01528268590257162
2010,840,Bipolar disorder,3,6982706.46516673,6982.70646516673,6.982706465166729,NA,NA,2.,Bipolar disorder,NA,2720239916.81449,0.002566945077897305
2010,850,Schizophrenia,3,12898055.6630434,12898.0556630434,12.898055663043401,NA,NA,3.,Schizophrenia,NA,2720239916.81449,0.0047415140051865505
2010,860,Alcohol use disorders,3,16665180.2421636,16665.180242163602,16.6651802421636,NA,NA,4.,Alcohol use disorders,NA,2720239916.81449,0.0061263641266168884
2010,870,Drug use disorders,3,11756904.0243596,11756.904024359601,11.756904024359601,NA,NA,5.,Drug use disorders,NA,2720239916.81449,0.004322009963785623
2010,871,Opioid use disorders,4,7949867.67308696,7949.86767308696,7.94986767308696,NA,NA,NA,a.,Opioid use disorders,2720239916.81449,0.0029224876908638905
2010,872,Cocaine use disorders,4,899855.900085368,899.8559000853679,0.899855900085368,NA,NA,NA,b.,Cocaine use disorders,2720239916.81449,3.3080019689555007e-4
2010,873,Amphetamine use disorders,4,1553230.7249713,1553.2307249712999,1.5532307249713,NA,NA,NA,c.,Amphetamine use disorders,2720239916.81449,5.709903436716697e-4
2010,874,Cannabis use disorders,4,616757.174627827,616.757174627827,0.616757174627827,NA,NA,NA,d.,Cannabis use disorders,2720239916.81449,2.2672896269755296e-4
2010,875,Other drug use disorders,4,737192.551588165,737.192551588165,0.737192551588165,NA,NA,NA,e.,Other drug use disorders,2720239916.81449,2.710027696569673e-4
2010,880,Anxiety disorders,3,31988262.3518969,31988.2623518969,31.9882623518969,NA,NA,6.,Anxiety disorders,NA,2720239916.81449,0.01175935334018495
2010,890,Eating disorders,3,3000637.06442466,3000.63706442466,3.00063706442466,NA,NA,7.,Eating disorders,NA,2720239916.81449,0.0011030780946478156
2010,900,Austism and Asperger syndrome,3,10315060.7891657,10315.0607891657,10.3150607891657,NA,NA,8.,Austism and Asperger syndrome,NA,2720239916.81449,0.003791967291342835
2010,910,Childhood behavioural disorders,3,5605777.35800336,5605.77735800336,5.60577735800336,NA,NA,9.,Childhood behavioural disorders,NA,2720239916.81449,0.0020607657888381957
2010,911,Attention deficit/hyperactivity syndrome,4,1003564.70044287,1003.56470044287,1.00356470044287,NA,NA,NA,a.,Attention deficit/hyperactivity syndrome,2720239916.81449,3.689250695277219e-4
2010,912,Conduct disorder,4,4602212.65756049,4602.21265756049,4.60221265756049,NA,NA,NA,b.,Conduct disorder,2720239916.81449,0.0016918407193104738
2010,920,Idiopathic intellectual disability,3,3856798.43397213,3856.79843397213,3.85679843397213,NA,NA,10.,Idiopathic intellectual disability,NA,2720239916.81449,0.0014178155427145543
2010,930,Other mental and behavioural disorders,3,7527211.67848698,7527.2116784869795,7.52721167848698,NA,NA,11.,Other mental and behavioural disorders,NA,2720239916.81449,0.0027671131623204937
2010,940,Neurological conditions,2,88905458.9725831,88905.4589725831,88.9054589725831,NA,F.,Neurological conditions,NA,NA,2720239916.81449,0.032682947714661494
2010,950,Alzheimer disease and other dementias,3,21840792.5142249,21840.7925142249,21.8407925142249,NA,NA,1.,Alzheimer disease and other dementias,NA,2720239916.81449,0.008028994935050195
2010,960,Parkinson disease,3,4704653.49682532,4704.65349682532,4.70465349682532,NA,NA,2.,Parkinson disease,NA,2720239916.81449,0.0017294994708902949
2010,970,Epilepsy,3,13507364.9456398,13507.3649456398,13.5073649456398,NA,NA,3.,Epilepsy,NA,2720239916.81449,0.004965505013784764
2010,980,Multiple sclerosis,3,865279.58802927,865.2795880292699,0.86527958802927,NA,NA,4.,Multiple sclerosis,NA,2720239916.81449,3.1808943861192474e-4
2010,990,Migraine,3,38142295.8458269,38142.2958458269,38.1422958458269,NA,NA,5.,Migraine,NA,2720239916.81449,0.014021666107485498
2010,1000,Non-migrane headache,3,3966447.90500602,3966.44790500602,3.96644790500602,NA,NA,6.,Non-migrane headache,NA,2720239916.81449,0.0014581242928200574
2010,1010,Other neurological conditions,3,5878624.67703084,5878.62467703084,5.87862467703084,NA,NA,7.,Other neurological conditions,NA,2720239916.81449,0.002161068456018742
2010,1020,Sense organ diseases,2,58760530.7139154,58760.5307139154,58.7605307139154,NA,G.,Sense organ diseases,NA,NA,2720239916.81449,0.02160123096154193
2010,1030,Glaucoma,3,600915.32113031,600.91532113031,0.60091532113031,NA,NA,1.,Glaucoma,NA,2720239916.81449,2.2090526553040436e-4
2010,1040,Cataracts,3,5302957.54176078,5302.95754176078,5.3029575417607795,NA,NA,2.,Cataracts,NA,2720239916.81449,0.0019494447930794119
2010,1050,Uncorrected refractive errors,3,13248070.5001478,13248.070500147802,13.2480705001478,NA,NA,3.,Uncorrected refractive errors,NA,2720239916.81449,0.004870184581241578
2010,1060,Macular degeneration,3,440939.94393573,440.93994393573,0.44093994393573005,NA,NA,4.,Macular degeneration,NA,2720239916.81449,1.6209597587704265e-4
2010,1070,Other vision loss,3,2412956.53791445,2412.9565379144497,2.4129565379144498,NA,NA,5.,Other vision loss,NA,2720239916.81449,8.870381332908749e-4
2010,1080,Other hearing loss,3,33805948.1248716,33805.9481248716,33.8059481248716,NA,NA,6.,Other hearing loss,NA,2720239916.81449,0.012427561229400573
2010,1090,Other sense organ disorders,3,2948742.74415476,2948.74274415476,2.9487427441547602,NA,NA,7.,Other sense organ disorders,NA,2720239916.81449,0.0010840009831220535
2010,1100,Cardiovascular diseases,2,385882781.433841,385882.781433841,385.882781433841,NA,H.,Cardiovascular diseases,NA,NA,2720239916.81449,0.14185615726340978
2010,1110,Rheumatic heart disease,3,15001918.3434717,15001.9183434717,15.0019183434717,NA,NA,1.,Rheumatic heart disease,NA,2720239916.81449,0.005514924713346442
2010,1120,Hypertensive heart disease,3,20136353.8579457,20136.353857945698,20.1363538579457,NA,NA,2.,Hypertensive heart disease,NA,2720239916.81449,0.007402418343131358
2010,1130,Ischaemic heart disease,3,167052813.728409,167052.813728409,167.052813728409,NA,NA,3.,Ischaemic heart disease,NA,2720239916.81449,0.06141105889072995
2010,1140,Stroke,3,146954228.071929,146954.228071929,146.954228071929,NA,NA,4.,Stroke,NA,2720239916.81449,0.05402252469113765
2010,1141,Ischaemic stroke,4,59337219.8915218,59337.219891521796,59.3372198915218,NA,NA,NA,a.,Ischaemic stroke,2720239916.81449,0.021813230342200132
2010,1142,Haemorrhagic stroke,4,87617008.151559,87617.008151559,87.61700815155899,NA,NA,NA,b.,Haemorrhagic stroke,2720239916.81449,0.03220929433833249
2010,1150,"Cardiomyopathy, myocarditis, endocarditis",3,14216371.5831883,14216.371583188298,14.2163715831883,NA,NA,5.,"Cardiomyopathy, myocarditis, endocarditis",NA,2720239916.81449,0.005226146228982715
2010,1160,Other circulatory diseases,3,22521095.8488969,22521.095848896897,22.5210958488969,NA,NA,6.,Other circulatory diseases,NA,2720239916.81449,0.008279084396081507
2010,1170,Respiratory diseases,2,97407478.0087867,97407.4780087867,97.4074780087867,NA,I.,Respiratory diseases,NA,NA,2720239916.81449,0.03580841432650351
2010,1180,Chronic obstructive pulmonary disease,3,68267097.5579787,68267.0975579787,68.2670975579787,NA,NA,1.,Chronic obstructive pulmonary disease,NA,2720239916.81449,0.025095984047584383
2010,1190,Asthma,3,21449825.6959607,21449.8256959607,21.4498256959607,NA,NA,2.,Asthma,NA,2720239916.81449,0.007885269811450789
2010,1200,Other respiratory diseases,3,7690554.75484728,7690.55475484728,7.6905547548472795,NA,NA,3.,Other respiratory diseases,NA,2720239916.81449,0.0028271604674683357
2010,1210,Digestive diseases,2,89215740.7506454,89215.7407506454,89.2157407506454,NA,J.,Digestive diseases,NA,NA,2720239916.81449,0.03279701183677968
2010,1220,Peptic ulcer disease,3,6908019.11751538,6908.01911751538,6.90801911751538,NA,NA,1.,Peptic ulcer disease,NA,2720239916.81449,0.00253948891596479
2010,1230,Cirrhosis of the liver,3,45494579.53426,45494.579534259996,45.49457953426,NA,NA,2.,Cirrhosis of the liver,NA,2720239916.81449,0.016724473180856774
2010,1231,Cirrhosis due to hepatitis B,4,11966290.4903837,11966.290490383699,11.966290490383699,NA,NA,NA,a.,Cirrhosis due to hepatitis B,2720239916.81449,0.004398983492748944
2010,1232,Cirrhosis due to hepatitis C,4,10620140.4484512,10620.1404484512,10.6201404484512,NA,NA,NA,b.,Cirrhosis due to hepatitis C,2720239916.81449,0.0039041190384735665
2010,1233,Cirrhosis due to alcohol use,4,12140358.4206012,12140.3584206012,12.140358420601201,NA,NA,NA,c.,Cirrhosis due to alcohol use,2720239916.81449,0.004462973411116637
2010,1234,Other liver cirrhosis,4,10767790.1748238,10767.7901748238,10.7677901748238,NA,NA,NA,d.,Other liver cirrhosis,2720239916.81449,0.003958397238517592
2010,1240,Appendicitis,3,1613241.80698521,1613.24180698521,1.61324180698521,NA,NA,3.,Appendicitis,NA,2720239916.81449,5.930512955910083e-4
2010,1241,Gastritis and duodenitis,3,2722097.97160532,2722.09797160532,2.72209797160532,NA,NA,4.,Gastritis and duodenitis,NA,2720239916.81449,0.0010006830481309186
2010,1242,Paralytic ileus and intestinal obstruction,3,6462509.6463693,6462.5096463693,6.4625096463693,NA,NA,5.,Paralytic ileus and intestinal obstruction,NA,2720239916.81449,0.0023757131150171336
2010,1244,Inflammatory bowel disease,3,1227084.61331128,1227.08461331128,1.22708461331128,NA,NA,6.,Inflammatory bowel disease,NA,2720239916.81449,4.5109426037253557e-4
2010,1246,Gallbladder and biliary diseases,3,6500092.45904717,6500.09245904717,6.5000924590471705,NA,NA,7.,Gallbladder and biliary diseases,NA,2720239916.81449,0.002389529106924892
2010,1248,Pancreatitis,3,3902599.84466446,3902.59984466446,3.90259984466446,NA,NA,8.,Pancreatitis,NA,2720239916.81449,0.0014346528115191256
2010,1250,Other digestive diseases,3,14385515.7568873,14385.5157568873,14.3855157568873,NA,NA,9.,Other digestive diseases,NA,2720239916.81449,0.00528832610240251
2010,1260,Genitourinary diseases,2,65781167.1316272,65781.1671316272,65.7811671316272,NA,K.,Genitourinary diseases,NA,NA,2720239916.81449,0.024182119645042043
2010,1270,Kidney diseases,3,33352742.1106213,33352.7421106213,33.3527421106213,NA,NA,1.,Kidney diseases,NA,2720239916.81449,0.01226095606658059
2010,1271,Acute glomerulonephritis,4,371984.479256008,371.984479256008,0.37198447925600797,NA,NA,NA,a.,Acute glomerulonephritis,2720239916.81449,1.3674693800229824e-4
2010,1272,Chronic kidney disease due to diabetes,4,10906019.7258415,10906.0197258415,10.9060197258415,NA,NA,NA,b.,Chronic kidney disease due to diabetes,2720239916.81449,0.004009212444251199
2010,1273,Other chronic kidney disease,4,22074737.9055238,22074.737905523798,22.0747379055238,NA,NA,NA,c.,Other chronic kidney disease,2720239916.81449,0.008114996684327096
2010,1280,Benign prostatic hyperplasia,3,1622609.07295993,1622.60907295993,1.6226090729599298,NA,NA,2.,Benign prostatic hyperplasia,NA,2720239916.81449,5.964948396390236e-4
2010,1290,Urolithiasis,3,494563.623414906,494.563623414906,0.49456362341490595,NA,NA,3.,Urolithiasis,NA,2720239916.81449,1.8180882515467968e-4
2010,1300,Other urinary diseases,3,6024561.18813524,6024.561188135241,6.02456118813524,NA,NA,4.,Other urinary diseases,NA,2720239916.81449,0.002214716853059874
2010,1310,Infertility,3,685030.59418013,685.03059418013,0.68503059418013,NA,NA,5.,Infertility,NA,2720239916.81449,2.518272708027637e-4
2010,1320,Gynecological diseases,3,23601660.5423157,23601.660542315698,23.6016605423157,NA,NA,6.,Gynecological diseases,NA,2720239916.81449,0.00867631578980511
2010,1330,Skin diseases,2,36236500.7630321,36236.5007630321,36.236500763032105,NA,L.,Skin diseases,NA,NA,2720239916.81449,0.013321067946634096
2010,1340,Musculoskeletal diseases,2,131227179.671965,131227.17967196502,131.227179671965,NA,M.,Musculoskeletal diseases,NA,NA,2720239916.81449,0.04824103155784777
2010,1350,Rheumatoid arthritis,3,2450208.25141842,2450.2082514184203,2.4502082514184202,NA,NA,1.,Rheumatoid arthritis,NA,2720239916.81449,9.007324082971742e-4
2010,1360,Osteoarthritis,3,15660427.8059433,15660.4278059433,15.6604278059433,NA,NA,2.,Osteoarthritis,NA,2720239916.81449,0.0057570024280366745
2010,1370,Gout,3,1293907.73288753,1293.90773288753,1.29390773288753,NA,NA,3.,Gout,NA,2720239916.81449,4.756594169836122e-4
2010,1380,Back and neck pain,3,75929623.3758956,75929.62337589561,75.9296233758956,NA,NA,4.,Back and neck pain,NA,2720239916.81449,0.027912840667676197
2010,1390,Other musculoskeletal disorders,3,35893012.5058204,35893.0125058204,35.8930125058204,NA,NA,5.,Other musculoskeletal disorders,NA,2720239916.81449,0.013194796636854208
2010,1400,Congenital anomalies,2,55698842.5958046,55698.8425958046,55.6988425958046,NA,N.,Congenital anomalies,NA,NA,2720239916.81449,0.020475709606169658
2010,1410,Neural tube defects,3,5529195.26611964,5529.19526611964,5.529195266119641,NA,NA,1.,Neural tube defects,NA,2720239916.81449,0.002032613091199158
2010,1420,Cleft lip and cleft palate,3,490396.860518864,490.396860518864,0.490396860518864,NA,NA,2.,Cleft lip and cleft palate,NA,2720239916.81449,1.802770621398492e-4
2010,1430,Down syndrome,3,1886964.7318054,1886.9647318053999,1.8869647318054,NA,NA,3.,Down syndrome,NA,2720239916.81449,6.936758482741153e-4
2010,1440,Congenital heart anomalies,3,25784298.2659932,25784.2982659932,25.7842982659932,NA,NA,4.,Congenital heart anomalies,NA,2720239916.81449,0.009478685356616504
2010,1450,Other chromosomal anomalies,3,1898560.28887523,1898.5602888752298,1.89856028887523,NA,NA,5.,Other chromosomal anomalies,NA,2720239916.81449,6.979385447363482e-4
2010,1460,Other congenital anomalies,3,20109427.1824923,20109.4271824923,20.1094271824923,NA,NA,6.,Other congenital anomalies,NA,2720239916.81449,0.007392519703203697
2010,1470,Oral conditions,2,18688320.1961179,18688.3201961179,18.6883201961179,NA,O.,Oral conditions,NA,NA,2720239916.81449,0.006870099979270458
2010,1480,Dental caries,3,2195078.16745363,2195.0781674536297,2.1950781674536297,NA,NA,1.,Dental caries,NA,2720239916.81449,8.069428559904946e-4
2010,1490,Periodontal disease,3,5195092.05419309,5195.09205419309,5.19509205419309,NA,NA,2.,Periodontal disease,NA,2720239916.81449,0.001909791861401972
2010,1500,Edentulism,3,7482644.77369784,7482.64477369784,7.48264477369784,NA,NA,3.,Edentulism,NA,2720239916.81449,0.002750729715951054
2010,1502,Other oral disorders,3,3815505.20077337,3815.50520077337,3.81550520077337,NA,NA,4.,Other oral disorders,NA,2720239916.81449,0.0014026355459269488
2010,1505,Sudden infant death syndrome,2,3651667.08676666,3651.6670867666603,3.6516670867666603,NA,P.,Sudden infant death syndrome,NA,NA,2720239916.81449,0.0013424062576961628
2010,1510,Injuries,1,285387694.239729,285387.69423972897,285.387694239729,III.,Injuries,NA,NA,NA,2720239916.81449,0.10491269261791049
2010,1520,Unintentional injuries,2,208726105.410963,208726.105410963,208.726105410963,NA,A.,Unintentional injuries,NA,NA,2720239916.81449,0.07673077073855664
2010,1530,Road injury,3,75205817.3116684,75205.81731166839,75.2058173116684,NA,NA,1.,Road injury,NA,2720239916.81449,0.027646758966664024
2010,1540,Poisonings,3,3847403.10470483,3847.4031047048297,3.84740310470483,NA,NA,2.,Poisonings,NA,2720239916.81449,0.001414361682189523
2010,1550,Falls,3,36988067.5637415,36988.0675637415,36.988067563741495,NA,NA,3.,Falls,NA,2720239916.81449,0.01359735490061333
2010,1560,"Fire, heat and hot substances",3,9963693.28780393,9963.69328780393,9.96369328780393,NA,NA,4.,"Fire, heat and hot substances",NA,2720239916.81449,0.0036627994561126117
2010,1570,Drowning,3,22479053.6821532,22479.0536821532,22.4790536821532,NA,NA,5.,Drowning,NA,2720239916.81449,0.008263629080363277
2010,1575,Exposure to mechanical forces,3,11609797.8467968,11609.797846796799,11.6097978467968,NA,NA,6.,Exposure to mechanical forces,NA,2720239916.81449,0.004267931580238091
2010,1580,Natural disasters,3,11044149.628449,11044.149628449,11.044149628449,NA,NA,7.,Natural disasters,NA,2720239916.81449,0.0040599910177710145
2010,1590,Other unintentional injuries,3,37588122.9856451,37588.1229856451,37.5881229856451,NA,NA,8.,Other unintentional injuries,NA,2720239916.81449,0.013817944054604677
2010,1600,Intentional injuries,2,76661588.8287657,76661.5888287657,76.6615888287657,NA,B.,Intentional injuries,NA,NA,2720239916.81449,0.02818192187935375
2010,1610,Self-harm,3,36958347.8138098,36958.3478138098,36.958347813809795,NA,NA,1.,Self-harm,NA,2720239916.81449,0.013586429485635041
2010,1620,Interpersonal violence,3,32929206.5066642,32929.2065066642,32.9292065066642,NA,NA,2.,Interpersonal violence,NA,2720239916.81449,0.012105258180765771
2010,1630,Collective violence and legal intervention,3,6774034.50829173,6774.03450829173,6.77403450829173,NA,NA,3.,Collective violence and legal intervention,NA,2720239916.81449,0.00249023421295295
2010,1700,Other COVID-19 pandemic-related outcomes,2,0,0,0,NA,C.,Other COVID-19 pandemic-related outcomes,NA,NA,2720239916.81449,0
2015,0,All Causes,0,2689493675.86236,2689493.67586236,2689.49367586236,NA,All Causes,NA,NA,NA,2689493675.86236,1
2015,10,"Communicable, maternal, perinatal and nutritional conditions",1,806174907.29232,806174.90729232,806.17490729232,I.,"Communicable, maternal, perinatal and nutritional conditions",NA,NA,NA,2689493675.86236,0.2997496943486316
2015,20,Infectious and parasitic diseases,2,370962891.465102,370962.89146510203,370.962891465102,NA,A.,Infectious and parasitic diseases,NA,NA,2689493675.86236,0.13793038250820813
2015,30,Tuberculosis,3,72551344.6056802,72551.34460568019,72.5513446056802,NA,NA,1.,Tuberculosis,NA,2689493675.86236,0.026975837592336897
2015,40,STDs excluding HIV,3,6873059.37085763,6873.05937085763,6.8730593708576295,NA,NA,2.,STDs excluding HIV,NA,2689493675.86236,0.0025555216703210316
2015,50,Syphilis,4,5697807.87522479,5697.807875224789,5.69780787522479,NA,NA,NA,a.,Syphilis,2689493675.86236,0.0021185429534047308
2015,60,Chlamydia,4,150584.961940814,150.58496194081403,0.15058496194081403,NA,NA,NA,b.,Chlamydia,2689493675.86236,5.599007846431556e-5
2015,70,Gonorrhoea,4,72074.0190599165,72.07401905991651,0.0720740190599165,NA,NA,NA,c.,Gonorrhoea,2689493675.86236,2.6798359745838286e-5
2015,80,Trichomoniasis,4,240413.017872636,240.413017872636,0.240413017872636,NA,NA,NA,d.,Trichomoniasis,2689493675.86236,8.938969443590527e-5
2015,85,Gential Herpes,4,234294.698400235,234.294698400235,0.234294698400235,NA,NA,NA,e.,Gential Herpes,2689493675.86236,8.711479803911815e-5
2015,90,Other STDs,4,477884.798359247,477.884798359247,0.47788479835924697,NA,NA,NA,f.,Other STDs,2689493675.86236,1.776857862311269e-4
2015,100,HIV/AIDS,3,54773488.0407977,54773.4880407977,54.7734880407977,NA,NA,3.,HIV/AIDS,NA,2689493675.86236,0.02036572479510855
2015,110,Diarrhoeal diseases,3,89405838.9515661,89405.8389515661,89.4058389515661,NA,NA,4.,Diarrhoeal diseases,NA,2689493675.86236,0.03324262843745077
2015,120,Childhood-cluster diseases,3,28113025.9057431,28113.0259057431,28.1130259057431,NA,NA,5.,Childhood-cluster diseases,NA,2689493675.86236,0.010452906492419593
2015,130,Whooping cough,4,13983431.8470482,13983.431847048201,13.9834318470482,NA,NA,NA,a.,Whooping cough,2689493675.86236,0.005199280434286409
2015,140,Diphtheria,4,534194.124290814,534.194124290814,0.534194124290814,NA,NA,NA,b.,Diphtheria,2689493675.86236,1.9862256196588002e-4
2015,150,Measles,4,11689294.5865739,11689.2945865739,11.6892945865739,NA,NA,NA,c.,Measles,2689493675.86236,0.004346280748485434
2015,160,Tetanus,4,1906105.34783017,1906.10534783017,1.9061053478301702,NA,NA,NA,d.,Tetanus,2689493675.86236,7.087227476818646e-4
2015,170,Meningitis,3,17705547.5061555,17705.547506155497,17.705547506155497,NA,NA,6.,Meningitis,NA,2689493675.86236,0.006583227045692304
2015,180,Encephalitis,3,4631216.9943558,4631.216994355799,4.6312169943558,NA,NA,7.,Encephalitis,NA,2689493675.86236,0.0017219661216979233
2015,185,Hepatitis,3,7070007.97421376,7070.0079742137605,7.070007974213761,NA,NA,8.,Hepatitis,NA,2689493675.86236,0.002628750547980683
2015,186,Acute hepatitis A,4,3487957.33807915,3487.95733807915,3.4879573380791498,NA,NA,NA,a.,Acute hepatitis A,2689493675.86236,0.0012968825208190052
2015,190,Acute hepatitis B,4,2372392.93157692,2372.39293157692,2.37239293157692,NA,NA,NA,b.,Acute hepatitis B,2689493675.86236,8.820964900823704e-4
2015,200,Acute hepatitis C,4,941157.920781624,941.15792078162406,0.9411579207816241,NA,NA,NA,c.,Acute hepatitis C,2689493675.86236,3.4993870007143664e-4
2015,205,Acute hepatitis E,4,268499.783776069,268.499783776069,0.268499783776069,NA,NA,NA,d.,Acute hepatitis E,2689493675.86236,9.983283700787181e-5
2015,210,Parasitic and vector diseases,3,66042115.1760371,66042.1151760371,66.0421151760371,NA,NA,9.,Parasitic and vector diseases,NA,2689493675.86236,0.024555594150955325
2015,220,Malaria,4,51339136.867515,51339.136867515,51.339136867514995,NA,NA,NA,a.,Malaria,2689493675.86236,0.019088773968227904
2015,230,Trypanosomiasis,4,171447.569698937,171.447569698937,0.171447569698937,NA,NA,NA,b.,Trypanosomiasis,2689493675.86236,6.374715480376209e-5
2015,240,Chagas disease,4,223033.139738301,223.033139738301,0.223033139738301,NA,NA,NA,c.,Chagas disease,2689493675.86236,8.29275568632031e-5
2015,250,Schistosomiasis,4,2158567.63036757,2158.56763036757,2.1585676303675703,NA,NA,NA,d.,Schistosomiasis,2689493675.86236,8.025925659317442e-4
2015,260,Leishmaniasis,4,981044.425415139,981.0444254151389,0.9810444254151389,NA,NA,NA,e.,Leishmaniasis,2689493675.86236,3.647691884237566e-4
2015,270,lymphatic filariasis,4,2078935.41683925,2078.9354168392497,2.0789354168392498,NA,NA,NA,f.,lymphatic filariasis,2689493675.86236,7.729839395040256e-4
2015,280,Onchocerciasis,4,1256605.96316661,1256.60596316661,1.25660596316661,NA,NA,NA,g.,Onchocerciasis,2689493675.86236,4.672277070009066e-4
2015,285,Cysticercosis,4,1158511.90326546,1158.51190326546,1.1585119032654598,NA,NA,NA,h.,Cysticercosis,2689493675.86236,4.307546486027688e-4
2015,295,Echinococcosis,4,508927.165009603,508.927165009603,0.508927165009603,NA,NA,NA,i.,Echinococcosis,2689493675.86236,1.8922787198836615e-4
2015,300,Dengue,4,2186665.96444902,2186.66596444902,2.1866659644490203,NA,NA,NA,j.,Dengue,2689493675.86236,8.130400097512357e-4
2015,310,Trachoma,4,136446.638198884,136.446638198884,0.136446638198884,NA,NA,NA,k.,Trachoma,2689493675.86236,5.0733206559830896e-5
2015,315,Yellow fever,4,558023.817134626,558.023817134626,0.558023817134626,NA,NA,NA,l.,Yellow fever,2689493675.86236,2.0748285156524902e-4
2015,320,Rabies,4,3284768.67523871,3284.76867523871,3.28476867523871,NA,NA,NA,m.,Rabies,2689493675.86236,0.001221333481732572
2015,330,Intestinal nematode infections,3,3009392.09040802,3009.39209040802,3.0093920904080202,NA,NA,10.,Intestinal nematode infections,NA,2689493675.86236,0.0011189437318320102
2015,340,Ascariasis,4,865620.301341448,865.620301341448,0.865620301341448,NA,NA,NA,a.,Ascariasis,2689493675.86236,3.2185251414056413e-4
2015,350,Trichuriasis,4,206039.366906492,206.039366906492,0.20603936690649202,NA,NA,NA,b.,Trichuriasis,2689493675.86236,7.660897988184616e-5
2015,360,Hookworm disease,4,763510.452077781,763.510452077781,0.763510452077781,NA,NA,NA,c.,Hookworm disease,2689493675.86236,2.8388631619777604e-4
2015,362,Food-borne trematodes,4,1174221.9700823,1174.2219700823,1.1742219700823,NA,NA,NA,d.,Food-borne trematodes,2689493675.86236,4.3659592161182425e-4
2015,365,Leprosy,3,31383.8096419655,31.383809641965502,0.0313838096419655,NA,NA,11.,Leprosy,NA,2689493675.86236,1.1669040133326429e-5
2015,370,Other infectious diseases,3,20756471.0396453,20756.4710396453,20.756471039645298,NA,NA,12.,Other infectious diseases,NA,2689493675.86236,0.007717612882279762
2015,380,Respiratory Infectious,2,129821905.246626,129821.905246626,129.82190524662602,NA,B.,Respiratory Infectious,NA,NA,2689493675.86236,0.048270016922423095
2015,390,Lower respiratory infections,3,121696638.81992,121696.63881992,121.69663881992,NA,NA,1.,Lower respiratory infections,NA,2689493675.86236,0.04524890313449023
2015,395,COVID-19,3,0,0,0,NA,NA,2.,COVID-19,NA,2689493675.86236,0
2015,400,Upper respiratory infections,3,5672598.94275352,5672.59894275352,5.6725989427535195,NA,NA,3.,Upper respiratory infections,NA,2689493675.86236,0.002109169838793042
2015,410,Otitis media,3,2452667.48395218,2452.66748395218,2.45266748395218,NA,NA,4.,Otitis media,NA,2689493675.86236,9.119439491397041e-4
2015,420,Maternal conditions,2,17105454.4696684,17105.4544696684,17.1054544696684,NA,C.,Maternal conditions,NA,NA,2689493675.86236,0.006360102134906007
2015,490,Neonatal conditions,2,233826684.625132,233826.68462513198,233.826684625132,NA,D.,Neonatal conditions,NA,NA,2689493675.86236,0.08694078246908603
2015,500,Preterm birth complications,3,115089639.057834,115089.63905783399,115.089639057834,NA,NA,1.,Preterm birth complications,NA,2689493675.86236,0.04279230700214665
2015,510,Birth asphyxia and birth trauma,3,69560769.3479277,69560.76934792771,69.5607693479277,NA,NA,2.,Birth asphyxia and birth trauma,NA,2689493675.86236,0.025863890282479925
2015,520,Neonatal sepsis and infections,3,21216659.449003,21216.659449003,21.216659449003,NA,NA,3.,Neonatal sepsis and infections,NA,2689493675.86236,0.00788871884675471
2015,530,Other neonatal conditions,3,27959616.7703671,27959.6167703671,27.959616770367102,NA,NA,4.,Other neonatal conditions,NA,2689493675.86236,0.01039586633770467
2015,540,Nutritional deficiencies,2,54457971.4857916,54457.971485791604,54.4579714857916,NA,E.,Nutritional deficiencies,NA,NA,2689493675.86236,0.020248410314008335
2015,550,Protein-energy malnutrition,3,16369978.8480777,16369.978848077699,16.3699788480777,NA,NA,1.,Protein-energy malnutrition,NA,2689493675.86236,0.006086639650799262
2015,560,Iodine deficiency,3,2259387.62025536,2259.3876202553597,2.2593876202553598,NA,NA,2.,Iodine deficiency,NA,2689493675.86236,8.400791719768254e-4
2015,570,Vitamin A deficiency,3,1267593.19627616,1267.59319627616,1.26759319627616,NA,NA,3.,Vitamin A deficiency,NA,2689493675.86236,4.713129492188594e-4
2015,580,Iron-deficiency anaemia,3,32518715.6522236,32518.715652223596,32.5187156522236,NA,NA,4.,Iron-deficiency anaemia,NA,2689493675.86236,0.012091017704957715
2015,590,Other nutritional deficiencies,3,2042296.16895879,2042.2961689587898,2.04229616895879,NA,NA,5.,Other nutritional deficiencies,NA,2689493675.86236,7.593608370556764e-4
2015,600,Noncommunicable diseases,1,1603057970.36109,1603057.97036109,1603.05797036109,II.,Noncommunicable diseases,NA,NA,NA,2689493675.86236,0.5960445212227855
2015,610,Malignant neoplasms,2,246732277.699822,246732.277699822,246.73227769982202,NA,A.,Malignant neoplasms,NA,NA,2689493675.86236,0.09173930391217956
2015,620,Mouth and oropharynx cancers,3,11017600.4207319,11017.6004207319,11.0176004207319,NA,NA,1.,Mouth and oropharynx cancers,NA,2689493675.86236,0.004096533306477924
2015,621,Lip and oral cavity,4,5444277.02008074,5444.27702008074,5.444277020080739,NA,NA,NA,a.,Lip and oral cavity,2689493675.86236,0.0020242758214834193
2015,622,Nasopharynx,4,2670805.80649116,2670.8058064911597,2.6708058064911597,NA,NA,NA,b.,Nasopharynx,2689493675.86236,9.930515287918614e-4
2015,623,Other pharynx,4,2902517.59416004,2902.51759416004,2.90251759416004,NA,NA,NA,c.,Other pharynx,2689493675.86236,0.001079205956202658
2015,630,Oesophagus cancer,3,12378444.1415003,12378.4441415003,12.3784441415003,NA,NA,2.,Oesophagus cancer,NA,2689493675.86236,0.004602518404335445
2015,640,Stomach cancer,3,21550375.6797953,21550.3756797953,21.550375679795298,NA,NA,3.,Stomach cancer,NA,2689493675.86236,0.008012800280292677
2015,650,Colon and rectum cancers,3,21284727.9575447,21284.7279575447,21.2847279575447,NA,NA,4.,Colon and rectum cancers,NA,2689493675.86236,0.007914027888806973
2015,660,Liver cancer,3,16312267.5384373,16312.2675384373,16.3122675384373,NA,NA,5.,Liver cancer,NA,2689493675.86236,0.006065181593411604
2015,661,Liver cancer secondary to hepatitis B,4,8207546.69811993,8207.54669811993,8.20754669811993,NA,NA,NA,a.,Liver cancer secondary to hepatitis B,2689493675.86236,0.0030517070078211876
2015,662,Liver cancer secondary to hepatitis C,4,3102097.99520501,3102.0979952050097,3.1020979952050096,NA,NA,NA,b.,Liver cancer secondary to hepatitis C,2689493675.86236,0.0011534133815021344
2015,663,Liver cancer secondary to alcohol use,4,2980474.00928343,2980.47400928343,2.98047400928343,NA,NA,NA,c.,Liver cancer secondary to alcohol use,2689493675.86236,0.0011081914919646614
2015,664,Other liver cancer,4,2022148.83582895,2022.14883582895,2.02214883582895,NA,NA,NA,d.,Other liver cancer,2689493675.86236,7.518697121236277e-4
2015,670,Pancreas cancer,3,9487652.11831184,9487.652118311838,9.48765211831184,NA,NA,6.,Pancreas cancer,NA,2689493675.86236,0.0035276722170650638
2015,680,"Trachea, bronchus, lung cancers",3,42247263.4689593,42247.2634689593,42.247263468959304,NA,NA,7.,"Trachea, bronchus, lung cancers",NA,2689493675.86236,0.015708259085388303
2015,690,Melanoma and other skin cancers,3,3161984.39319828,3161.98439319828,3.16198439319828,NA,NA,8.,Melanoma and other skin cancers,NA,2689493675.86236,0.0011756801741444587
2015,691,Malignant skin melanoma,4,1704328.53099108,1704.32853099108,1.70432853099108,NA,NA,NA,a.,Malignant skin melanoma,2689493675.86236,6.336986572182973e-4
2015,692,Non-melanoma skin cancer,4,1457655.86220719,1457.65586220719,1.45765586220719,NA,NA,NA,b.,Non-melanoma skin cancer,2689493675.86236,5.419815169261578e-4
2015,700,Breast cancer,3,19489279.1295235,19489.2791295235,19.4892791295235,NA,NA,9.,Breast cancer,NA,2689493675.86236,0.007246449138154026
2015,710,Cervix uteri cancer,3,10814322.7106365,10814.322710636501,10.8143227106365,NA,NA,10.,Cervix uteri cancer,NA,2689493675.86236,0.004020951158090748
2015,720,Corpus uteri cancer,3,2210575.11825604,2210.57511825604,2.21057511825604,NA,NA,11.,Corpus uteri cancer,NA,2689493675.86236,8.219298443032184e-4
2015,730,Ovary cancer,3,4926810.18276513,4926.81018276513,4.92681018276513,NA,NA,12.,Ovary cancer,NA,2689493675.86236,0.0018318727524746442
2015,740,Prostate cancer,3,6960809.76333186,6960.80976333186,6.96080976333186,NA,NA,13.,Prostate cancer,NA,2689493675.86236,0.0025881487752894396
2015,742,Testicular cancer,3,524813.757314453,524.813757314453,0.524813757314453,NA,NA,14.,Testicular cancer,NA,2689493675.86236,1.9513478020957852e-4
2015,745,Kidney cancer,3,4064651.8373864,4064.6518373864,4.0646518373864,NA,NA,15.,Kidney cancer,NA,2689493675.86236,0.0015113074530963932
2015,750,Bladder cancer,3,4103415.00432487,4103.41500432487,4.10341500432487,NA,NA,16.,Bladder cancer,NA,2689493675.86236,0.001525720265175619
2015,751,Brain and nervous system cancers,3,8643925.56370353,8643.92556370353,8.64392556370353,NA,NA,17.,Brain and nervous system cancers,NA,2689493675.86236,0.003213960174467389
2015,752,Gallbladder and biliary tract cancer,3,3224800.06634273,3224.80006634273,3.22480006634273,NA,NA,18.,Gallbladder and biliary tract cancer,NA,2689493675.86236,0.0011990361216628366
2015,753,Larynx cancer,3,3010624.39093528,3010.6243909352797,3.01062439093528,NA,NA,19.,Larynx cancer,NA,2689493675.86236,0.0011194019223599596
2015,754,Thyroid cancer,3,1159554.35036904,1159.5543503690399,1.15955435036904,NA,NA,20.,Thyroid cancer,NA,2689493675.86236,4.3114224836287825e-4
2015,755,Mesothelioma,3,623741.876268981,623.7418762689811,0.623741876268981,NA,NA,21.,Mesothelioma,NA,2689493675.86236,2.3191795610710416e-4
2015,760,"Lymphomas, multiple myeloma",3,11020549.8805565,11020.5498805565,11.0205498805565,NA,NA,22.,"Lymphomas, multiple myeloma",NA,2689493675.86236,0.0040976299663626715
2015,761,Hodgkin lymphoma,4,1147484.58088314,1147.4845808831399,1.14748458088314,NA,NA,NA,a.,Hodgkin lymphoma,2689493675.86236,4.2665450050378354e-4
2015,762,Non-Hodgkin lymphoma,4,7456139.15660543,7456.13915660543,7.45613915660543,NA,NA,NA,b.,Non-Hodgkin lymphoma,2689493675.86236,0.002772320761905005
2015,763,Multiple myeloma,4,2416926.14306792,2416.9261430679203,2.4169261430679203,NA,NA,NA,c.,Multiple myeloma,2689493675.86236,8.986547039538795e-4
2015,770,Leukaemia,3,11214278.0658789,11214.2780658789,11.214278065878899,NA,NA,23.,Leukaemia,NA,2689493675.86236,0.004169661437215743
2015,780,Other malignant neoplasms,3,17299810.2837496,17299.8102837496,17.2998102837496,NA,NA,24.,Other malignant neoplasms,NA,2689493675.86236,0.006432366968924953
2015,790,Other neoplasms,2,2524311.52155383,2524.3115215538296,2.52431152155383,NA,B.,Other neoplasms,NA,NA,2689493675.86236,9.385824343849531e-4
2015,800,Diabetes mellitus,2,63765423.3682541,63765.4233682541,63.765423368254105,NA,C.,Diabetes mellitus,NA,NA,2689493675.86236,0.02370908098447502
2015,810,"Endocrine, blood, immune disorders",2,23979451.5300885,23979.4515300885,23.9794515300885,NA,D.,"Endocrine, blood, immune disorders",NA,NA,2689493675.86236,0.008915972454331844
2015,811,Thalassaemias,3,2887153.26478665,2887.1532647866497,2.88715326478665,NA,NA,1.,Thalassaemias,NA,2689493675.86236,0.001073493234320736
2015,812,Sickle cell disorders and trait,3,4592868.37050366,4592.86837050366,4.59286837050366,NA,NA,2.,Sickle cell disorders and trait,NA,2689493675.86236,0.001707707443867107
2015,813,Other haemoglobinopathies and haemolytic anaemias,3,4242288.6566307,4242.288656630701,4.2422886566307,NA,NA,3.,Other haemoglobinopathies and haemolytic anaemias,NA,2689493675.86236,0.0015773558773178567
2015,814,"Other endocrine, blood and immune disorders",3,12257141.2381675,12257.1412381675,12.2571412381675,NA,NA,4.,"Other endocrine, blood and immune disorders",NA,2689493675.86236,0.0045574158988261485
2015,820,Mental and substance use disorders,2,162410247.143088,162410.24714308803,162.41024714308801,NA,E.,Mental and substance use disorders,NA,NA,2689493675.86236,0.06038692286235354
2015,830,Depressive disorders,3,45290428.0579688,45290.428057968806,45.2904280579688,NA,NA,1.,Depressive disorders,NA,2689493675.86236,0.016839760012987155
2015,840,Bipolar disorder,3,7506221.21470018,7506.22121470018,7.50622121470018,NA,NA,2.,Bipolar disorder,NA,2689493675.86236,0.0027909421323674922
2015,850,Schizophrenia,3,13987473.5172809,13987.473517280901,13.9874735172809,NA,NA,3.,Schizophrenia,NA,2689493675.86236,0.005200783196783667
2015,860,Alcohol use disorders,3,16822839.6429007,16822.8396429007,16.8228396429007,NA,NA,4.,Alcohol use disorders,NA,2689493675.86236,0.006255021082176972
2015,870,Drug use disorders,3,13427111.7840736,13427.1117840736,13.4271117840736,NA,NA,5.,Drug use disorders,NA,2689493675.86236,0.004992431067817375
2015,871,Opioid use disorders,4,9370522.74208133,9370.52274208133,9.370522742081329,NA,NA,NA,a.,Opioid use disorders,2689493675.86236,0.0034841215007046862
2015,872,Cocaine use disorders,4,1028203.29787901,1028.20329787901,1.0282032978790099,NA,NA,NA,b.,Cocaine use disorders,2689493675.86236,3.823036681985603e-4
2015,873,Amphetamine use disorders,4,1592778.28725992,1592.77828725992,1.59277828725992,NA,NA,NA,c.,Amphetamine use disorders,2689493675.86236,5.922223582657101e-4
2015,874,Cannabis use disorders,4,637209.871240081,637.209871240081,0.637209871240081,NA,NA,NA,d.,Cannabis use disorders,2689493675.86236,2.369255882469275e-4
2015,875,Other drug use disorders,4,798397.585613285,798.397585613285,0.798397585613285,NA,NA,NA,e.,Other drug use disorders,2689493675.86236,2.9685795240150047e-4
2015,880,Anxiety disorders,3,33287199.2021132,33287.1992021132,33.2871992021132,NA,NA,6.,Anxiety disorders,NA,2689493675.86236,0.012376753104444457
2015,890,Eating disorders,3,3213927.54093007,3213.92754093007,3.21392754093007,NA,NA,7.,Eating disorders,NA,2689493675.86236,0.0011949935297392196
2015,900,Austism and Asperger syndrome,3,10982566.5096022,10982.5665096022,10.9825665096022,NA,NA,8.,Austism and Asperger syndrome,NA,2689493675.86236,0.004083507095840539
2015,910,Childhood behavioural disorders,3,5796610.2685182,5796.6102685182,5.7966102685182,NA,NA,9.,Childhood behavioural disorders,NA,2689493675.86236,0.002155279382339344
2015,911,Attention deficit/hyperactivity syndrome,4,1016389.88432894,1016.38988432894,1.0163898843289398,NA,NA,NA,a.,Attention deficit/hyperactivity syndrome,2689493675.86236,3.77911237884969e-4
2015,912,Conduct disorder,4,4780220.38418926,4780.220384189261,4.78022038418926,NA,NA,NA,b.,Conduct disorder,2689493675.86236,0.0017773681444543754
2015,920,Idiopathic intellectual disability,3,3874746.46561166,3874.74646561166,3.87474646561166,NA,NA,10.,Idiopathic intellectual disability,NA,2689493675.86236,0.0014406973700613964
2015,930,Other mental and behavioural disorders,3,8221122.93938812,8221.12293938812,8.22112293938812,NA,NA,11.,Other mental and behavioural disorders,NA,2689493675.86236,0.0030567548877957844
2015,940,Neurological conditions,2,99160818.7315774,99160.8187315774,99.1608187315774,NA,F.,Neurological conditions,NA,NA,2689493675.86236,0.0368696976763786
2015,950,Alzheimer disease and other dementias,3,27037488.8063723,27037.4888063723,27.0374888063723,NA,NA,1.,Alzheimer disease and other dementias,NA,2689493675.86236,0.010053003302825388
2015,960,Parkinson disease,3,5610654.41366744,5610.65441366744,5.61065441366744,NA,NA,2.,Parkinson disease,NA,2689493675.86236,0.0020861377976166607
2015,970,Epilepsy,3,13981894.0033343,13981.8940033343,13.9818940033343,NA,NA,3.,Epilepsy,NA,2689493675.86236,0.00519870863754723
2015,980,Multiple sclerosis,3,944915.708333273,944.915708333273,0.944915708333273,NA,NA,4.,Multiple sclerosis,NA,2689493675.86236,3.5133591010594025e-4
2015,990,Migraine,3,40589407.9199769,40589.4079199769,40.5894079199769,NA,NA,5.,Migraine,NA,2689493675.86236,0.015091839882078286
2015,1000,Non-migrane headache,3,4255781.9205381,4255.7819205381,4.255781920538101,NA,NA,6.,Non-migrane headache,NA,2689493675.86236,0.0015823729048827471
2015,1010,Other neurological conditions,3,6740675.95935512,6740.67595935512,6.740675959355119,NA,NA,7.,Other neurological conditions,NA,2689493675.86236,0.0025062992413223606
2015,1020,Sense organ diseases,2,67391071.3536555,67391.0713536555,67.3910713536555,NA,G.,Sense organ diseases,NA,NA,2689493675.86236,0.02505715925583919
2015,1030,Glaucoma,3,665843.472415548,665.843472415548,0.6658434724155481,NA,NA,1.,Glaucoma,NA,2689493675.86236,2.475720535769811e-4
2015,1040,Cataracts,3,5945298.2281181,5945.2982281181,5.945298228118101,NA,NA,2.,Cataracts,NA,2689493675.86236,0.002210564122710494
2015,1050,Uncorrected refractive errors,3,16055808.4307234,16055.8084307234,16.0558084307234,NA,NA,3.,Uncorrected refractive errors,NA,2689493675.86236,0.005969825686827563
2015,1060,Macular degeneration,3,490411.067951815,490.411067951815,0.49041106795181505,NA,NA,4.,Macular degeneration,NA,2689493675.86236,1.8234326868032865e-4
2015,1070,Other vision loss,3,2629504.65565498,2629.50465565498,2.62950465565498,NA,NA,5.,Other vision loss,NA,2689493675.86236,9.776950506536718e-4
2015,1080,Other hearing loss,3,38314823.2997812,38314.8232997812,38.3148232997812,NA,NA,6.,Other hearing loss,NA,2689493675.86236,0.01424611020418032
2015,1090,Other sense organ disorders,3,3289382.19901048,3289.3821990104802,3.2893821990104803,NA,NA,7.,Other sense organ disorders,NA,2689493675.86236,0.0012230488692098417
2015,1100,Cardiovascular diseases,2,404619739.612657,404619.739612657,404.619739612657,NA,H.,Cardiovascular diseases,NA,NA,2689493675.86236,0.15044457744743334
2015,1110,Rheumatic heart disease,3,14550033.0124502,14550.0330124502,14.5500330124502,NA,NA,1.,Rheumatic heart disease,NA,2689493675.86236,0.005409952491442417
2015,1120,Hypertensive heart disease,3,23190650.399599,23190.650399599002,23.190650399599,NA,NA,2.,Hypertensive heart disease,NA,2689493675.86236,0.008622682628975933
2015,1130,Ischaemic heart disease,3,179301112.501291,179301.112501291,179.30111250129102,NA,NA,3.,Ischaemic heart disease,NA,2689493675.86236,0.06666723707532045
2015,1140,Stroke,3,149041430.120972,149041.430120972,149.041430120972,NA,NA,4.,Stroke,NA,2689493675.86236,0.05541616678952901
2015,1141,Ischaemic stroke,4,61782766.726421,61782.766726420996,61.782766726421,NA,NA,NA,a.,Ischaemic stroke,2689493675.86236,0.022971895149227654
2015,1142,Haemorrhagic stroke,4,87258663.3713723,87258.6633713723,87.2586633713723,NA,NA,NA,b.,Haemorrhagic stroke,2689493675.86236,0.03244427163168311
2015,1150,"Cardiomyopathy, myocarditis, endocarditis",3,13548787.1796916,13548.787179691599,13.5487871796916,NA,NA,5.,"Cardiomyopathy, myocarditis, endocarditis",NA,2689493675.86236,0.005037672072364071
2015,1160,Other circulatory diseases,3,24987726.3986526,24987.726398652598,24.987726398652597,NA,NA,6.,Other circulatory diseases,NA,2689493675.86236,0.009290866389801243
2015,1170,Respiratory diseases,2,101725137.846357,101725.137846357,101.725137846357,NA,I.,Respiratory diseases,NA,NA,2689493675.86236,0.03782315562193684
2015,1180,Chronic obstructive pulmonary disease,3,72012240.8149256,72012.2408149256,72.01224081492559,NA,NA,1.,Chronic obstructive pulmonary disease,NA,2689493675.86236,0.02677538953194808
2015,1190,Asthma,3,21376154.5146643,21376.1545146643,21.3761545146643,NA,NA,2.,Asthma,NA,2689493675.86236,0.007948021855009658
2015,1200,Other respiratory diseases,3,8336742.5167667,8336.7425167667,8.3367425167667,NA,NA,3.,Other respiratory diseases,NA,2689493675.86236,0.003099744234978952
2015,1210,Digestive diseases,2,90679074.3827389,90679.07438273891,90.6790743827389,NA,J.,Digestive diseases,NA,NA,2689493675.86236,0.03371603926663391
2015,1220,Peptic ulcer disease,3,6506317.15930116,6506.31715930116,6.50631715930116,NA,NA,1.,Peptic ulcer disease,NA,2689493675.86236,0.0024191606091860294
2015,1230,Cirrhosis of the liver,3,45561587.6920054,45561.5876920054,45.5615876920054,NA,NA,2.,Cirrhosis of the liver,NA,2689493675.86236,0.016940581828063427
2015,1231,Cirrhosis due to hepatitis B,4,11449877.4894537,11449.8774894537,11.4498774894537,NA,NA,NA,a.,Cirrhosis due to hepatitis B,2689493675.86236,0.004257261354512168
2015,1232,Cirrhosis due to hepatitis C,4,10808237.5811366,10808.2375811366,10.808237581136598,NA,NA,NA,b.,Cirrhosis due to hepatitis C,2689493675.86236,0.0040186886022965055
2015,1233,Cirrhosis due to alcohol use,4,12638267.7168701,12638.2677168701,12.6382677168701,NA,NA,NA,c.,Cirrhosis due to alcohol use,2689493675.86236,0.004699125277852815
2015,1234,Other liver cirrhosis,4,10665204.904545,10665.204904545,10.665204904545,NA,NA,NA,d.,Other liver cirrhosis,2689493675.86236,0.003965506593401937
2015,1240,Appendicitis,3,1470483.1184157,1470.4831184157001,1.4704831184157001,NA,NA,3.,Appendicitis,NA,2689493675.86236,5.467509113752439e-4
2015,1241,Gastritis and duodenitis,3,2773020.56808372,2773.02056808372,2.77302056808372,NA,NA,4.,Gastritis and duodenitis,NA,2689493675.86236,0.0010310567349427128
2015,1242,Paralytic ileus and intestinal obstruction,3,6621880.65296638,6621.88065296638,6.6218806529663805,NA,NA,5.,Paralytic ileus and intestinal obstruction,NA,2689493675.86236,0.002462129103480096
2015,1244,Inflammatory bowel disease,3,1222853.37356207,1222.8533735620701,1.2228533735620701,NA,NA,6.,Inflammatory bowel disease,NA,2689493675.86236,4.5467791374150527e-4
2015,1246,Gallbladder and biliary diseases,3,6999247.22955766,6999.247229557661,6.99924722955766,NA,NA,7.,Gallbladder and biliary diseases,NA,2689493675.86236,0.0026024404862426084
2015,1248,Pancreatitis,3,3997392.79691602,3997.39279691602,3.99739279691602,NA,NA,8.,Pancreatitis,NA,2689493675.86236,0.0014862993851934955
2015,1250,Other digestive diseases,3,15526291.7919308,15526.2917919308,15.5262917919308,NA,NA,9.,Other digestive diseases,NA,2689493675.86236,0.0057729422944087965
2015,1260,Genitourinary diseases,2,73346585.2731143,73346.5852731143,73.3465852731143,NA,K.,Genitourinary diseases,NA,NA,2689493675.86236,0.027271521748269745
2015,1270,Kidney diseases,3,37798534.3665923,37798.53436659231,37.7985343665923,NA,NA,1.,Kidney diseases,NA,2689493675.86236,0.014054145100182313
2015,1271,Acute glomerulonephritis,4,352232.797916149,352.232797916149,0.35223279791614903,NA,NA,NA,a.,Acute glomerulonephritis,2689493675.86236,1.309662116246505e-4
2015,1272,Chronic kidney disease due to diabetes,4,12759904.3481155,12759.9043481155,12.7599043481155,NA,NA,NA,b.,Chronic kidney disease due to diabetes,2689493675.86236,0.004744351869139146
2015,1273,Other chronic kidney disease,4,24686397.2205607,24686.3972205607,24.6863972205607,NA,NA,NA,c.,Other chronic kidney disease,2689493675.86236,0.009178827019418533
2015,1280,Benign prostatic hyperplasia,3,1892731.50729549,1892.73150729549,1.89273150729549,NA,NA,2.,Benign prostatic hyperplasia,NA,2689493675.86236,7.037501237806793e-4
2015,1290,Urolithiasis,3,533809.634407018,533.8096344070179,0.533809634407018,NA,NA,3.,Urolithiasis,NA,2689493675.86236,1.9847960201499902e-4
2015,1300,Other urinary diseases,3,7049112.27229446,7049.11227229446,7.04911227229446,NA,NA,4.,Other urinary diseases,NA,2689493675.86236,0.0026209811666629895
2015,1310,Infertility,3,809517.338831429,809.517338831429,0.8095173388314291,NA,NA,5.,Infertility,NA,2689493675.86236,3.009924678747814e-4
2015,1320,Gynecological diseases,3,25262880.1536936,25262.8801536936,25.2628801536936,NA,NA,6.,Gynecological diseases,NA,2689493675.86236,0.009393173287753987
2015,1330,Skin diseases,2,39150870.8721251,39150.870872125095,39.1508708721251,NA,L.,Skin diseases,NA,NA,2689493675.86236,0.014556967069116364
2015,1340,Musculoskeletal diseases,2,146308092.737014,146308.092737014,146.308092737014,NA,M.,Musculoskeletal diseases,NA,NA,2689493675.86236,0.0543998649448773
2015,1350,Rheumatoid arthritis,3,2715367.52716153,2715.3675271615302,2.71536752716153,NA,NA,1.,Rheumatoid arthritis,NA,2689493675.86236,0.0010096203428665337
2015,1360,Osteoarthritis,3,18192313.6714757,18192.313671475702,18.192313671475702,NA,NA,2.,Osteoarthritis,NA,2689493675.86236,0.006764215076892684
2015,1370,Gout,3,1525265.7085902,1525.2657085902,1.5252657085902,NA,NA,3.,Gout,NA,2689493675.86236,5.671200205001926e-4
2015,1380,Back and neck pain,3,83242750.6503755,83242.7506503755,83.2427506503755,NA,NA,4.,Back and neck pain,NA,2689493675.86236,0.030951086220228616
2015,1390,Other musculoskeletal disorders,3,40632395.1794111,40632.3951794111,40.6323951794111,NA,NA,5.,Other musculoskeletal disorders,NA,2689493675.86236,0.015107823284389288
2015,1400,Congenital anomalies,2,57606517.5039276,57606.5175039276,57.606517503927606,NA,N.,Congenital anomalies,NA,NA,2689493675.86236,0.021419093869204445
2015,1410,Neural tube defects,3,5474374.61540093,5474.3746154009295,5.47437461540093,NA,NA,1.,Neural tube defects,NA,2689493675.86236,0.002035466625012838
2015,1420,Cleft lip and cleft palate,3,441446.988844762,441.44698884476196,0.44144698884476197,NA,NA,2.,Cleft lip and cleft palate,NA,2689493675.86236,1.641375820313897e-4
2015,1430,Down syndrome,3,2150309.02256844,2150.30902256844,2.15030902256844,NA,NA,3.,Down syndrome,NA,2689493675.86236,7.99521873528468e-4
2015,1440,Congenital heart anomalies,3,26041183.6099233,26041.1836099233,26.041183609923298,NA,NA,4.,Congenital heart anomalies,NA,2689493675.86236,0.009682559897291243
2015,1450,Other chromosomal anomalies,3,2137127.5093118,2137.1275093117997,2.1371275093118,NA,NA,5.,Other chromosomal anomalies,NA,2689493675.86236,7.946207602167165e-4
2015,1460,Other congenital anomalies,3,21362075.7578783,21362.0757578783,21.3620757578783,NA,NA,6.,Other congenital anomalies,NA,2689493675.86236,0.007942787131123764
2015,1470,Oral conditions,2,20619798.6784757,20619.7986784757,20.6197986784757,NA,O.,Oral conditions,NA,NA,2689493675.86236,0.007666795748037653
2015,1480,Dental caries,3,2328438.36187832,2328.43836187832,2.32843836187832,NA,NA,1.,Dental caries,NA,2689493675.86236,8.657534251801983e-4
2015,1490,Periodontal disease,3,6305332.50141293,6305.33250141293,6.30533250141293,NA,NA,2.,Periodontal disease,NA,2689493675.86236,0.0023444310570431763
2015,1500,Edentulism,3,7895387.51421143,7895.38751421143,7.89538751421143,NA,NA,3.,Edentulism,NA,2689493675.86236,0.0029356408550318867
2015,1502,Other oral disorders,3,4090640.30097306,4090.64030097306,4.09064030097306,NA,NA,4.,Other oral disorders,NA,2689493675.86236,0.0015209704107824072
2015,1505,Sudden infant death syndrome,2,3038552.10663992,3038.5521066399197,3.0385521066399197,NA,P.,Sudden infant death syndrome,NA,NA,2689493675.86236,0.0011297859273328233
2015,1510,Injuries,1,280260798.208951,280260.798208951,280.260798208951,III.,Injuries,NA,NA,NA,2689493675.86236,0.10420578442858323
2015,1520,Unintentional injuries,2,195921792.345219,195921.792345219,195.921792345219,NA,A.,Unintentional injuries,NA,NA,2689493675.86236,0.07284709166769042
2015,1530,Road injury,3,71409436.3134751,71409.4363134751,71.4094363134751,NA,NA,1.,Road injury,NA,2689493675.86236,0.026551256451859236
2015,1540,Poisonings,3,3591949.45295787,3591.94945295787,3.59194945295787,NA,NA,2.,Poisonings,NA,2689493675.86236,0.0013355485774868558
2015,1550,Falls,3,39691092.0070991,39691.0920070991,39.6910920070991,NA,NA,3.,Falls,NA,2689493675.86236,0.014757830577300962
2015,1560,"Fire, heat and hot substances",3,9760719.17367513,9760.719173675128,9.76071917367513,NA,NA,4.,"Fire, heat and hot substances",NA,2689493675.86236,0.0036292032441925894
2015,1570,Drowning,3,21943836.6118537,21943.8366118537,21.9438366118537,NA,NA,5.,Drowning,NA,2689493675.86236,0.008159095821193044
2015,1575,Exposure to mechanical forces,3,11287497.0538973,11287.497053897301,11.287497053897301,NA,NA,6.,Exposure to mechanical forces,NA,2689493675.86236,0.004196885516110416
2015,1580,Natural disasters,3,1554233.73954635,1554.23373954635,1.55423373954635,NA,NA,7.,Natural disasters,NA,2689493675.86236,5.778908325739044e-4
2015,1590,Other unintentional injuries,3,36683027.9927145,36683.0279927145,36.6830279927145,NA,NA,8.,Other unintentional injuries,NA,2689493675.86236,0.01363938064697343
2015,1600,Intentional injuries,2,84339005.8637324,84339.0058637324,84.3390058637324,NA,B.,Intentional injuries,NA,NA,2689493675.86236,0.03135869276089297
2015,1610,Self-harm,3,35237139.3465282,35237.1393465282,35.2371393465282,NA,NA,1.,Self-harm,NA,2689493675.86236,0.013101774383325054
2015,1620,Interpersonal violence,3,32295387.6534354,32295.387653435402,32.2953876534354,NA,NA,2.,Interpersonal violence,NA,2689493675.86236,0.012007980514429058
2015,1630,Collective violence and legal intervention,3,16806478.8637688,16806.4788637688,16.806478863768803,NA,NA,3.,Collective violence and legal intervention,NA,2689493675.86236,0.006248937863138855
2015,1700,Other COVID-19 pandemic-related outcomes,2,0,0,0,NA,C.,Other COVID-19 pandemic-related outcomes,NA,NA,2689493675.86236,0
2019,0,All Causes,0,2703777939.56188,2703777.93956188,2703.77793956188,NA,All Causes,NA,NA,NA,2703777939.56188,1
2019,10,"Communicable, maternal, perinatal and nutritional conditions",1,721005726.968582,721005.726968582,721.005726968582,I.,"Communicable, maternal, perinatal and nutritional conditions",NA,NA,NA,2703777939.56188,0.2666660291952133
2019,20,Infectious and parasitic diseases,2,321470881.608546,321470.881608546,321.470881608546,NA,A.,Infectious and parasitic diseases,NA,NA,2703777939.56188,0.11889692452355652
2019,30,Tuberculosis,3,59117478.7113467,59117.4787113467,59.1174787113467,NA,NA,1.,Tuberculosis,NA,2703777939.56188,0.021864768495346954
2019,40,STDs excluding HIV,3,6774271.22327654,6774.27122327654,6.77427122327654,NA,NA,2.,STDs excluding HIV,NA,2703777939.56188,0.002505483576944282
2019,50,Syphilis,4,5518561.55451133,5518.5615545113305,5.51856155451133,NA,NA,NA,a.,Syphilis,2703777939.56188,0.0020410557663642884
2019,60,Chlamydia,4,159761.362161546,159.761362161546,0.15976136216154602,NA,NA,NA,b.,Chlamydia,2703777939.56188,5.9088196491252435e-5
2019,70,Gonorrhoea,4,71735.8198091162,71.73581980911621,0.07173581980911621,NA,NA,NA,c.,Gonorrhoea,2703777939.56188,2.653169802130284e-5
2019,80,Trichomoniasis,4,265643.721809533,265.643721809533,0.265643721809533,NA,NA,NA,d.,Trichomoniasis,2703777939.56188,9.82490898836825e-5
2019,85,Gential Herpes,4,252948.248585846,252.94824858584602,0.252948248585846,NA,NA,NA,e.,Gential Herpes,2703777939.56188,9.355363282046517e-5
2019,90,Other STDs,4,505620.516399174,505.620516399174,0.505620516399174,NA,NA,NA,f.,Other STDs,2703777939.56188,1.8700519336329252e-4
2019,100,HIV/AIDS,3,44580487.5695481,44580.4875695481,44.5804875695481,NA,NA,3.,HIV/AIDS,NA,2703777939.56188,0.01648822076593018
2019,110,Diarrhoeal diseases,3,74696210.0348026,74696.2100348026,74.6962100348026,NA,NA,4.,Diarrhoeal diseases,NA,2703777939.56188,0.027626606808881047
2019,120,Childhood-cluster diseases,3,25277144.4272763,25277.1444272763,25.277144427276298,NA,NA,5.,Childhood-cluster diseases,NA,2703777939.56188,0.009348824123985642
2019,130,Whooping cough,4,11827764.6438017,11827.7646438017,11.8277646438017,NA,NA,NA,a.,Whooping cough,2703777939.56188,0.004374532564504269
2019,140,Diphtheria,4,392429.74727893,392.42974727893,0.39242974727893,NA,NA,NA,b.,Diphtheria,2703777939.56188,1.4514126383563853e-4
2019,150,Measles,4,11552235.6553675,11552.2356553675,11.552235655367499,NA,NA,NA,c.,Measles,2703777939.56188,0.004272627380501308
2019,160,Tetanus,4,1504714.38082813,1504.71438082813,1.50471438082813,NA,NA,NA,d.,Tetanus,2703777939.56188,5.565229151444122e-4
2019,170,Meningitis,3,15579165.9511474,15579.165951147399,15.5791659511474,NA,NA,6.,Meningitis,NA,2703777939.56188,0.005761999061828223
2019,180,Encephalitis,3,4632315.4646274,4632.3154646274,4.6323154646274,NA,NA,7.,Encephalitis,NA,2703777939.56188,0.0017132751165866897
2019,185,Hepatitis,3,5327698.99406759,5327.698994067589,5.32769899406759,NA,NA,8.,Hepatitis,NA,2703777939.56188,0.0019704647027820967
2019,186,Acute hepatitis A,4,2228557.81247392,2228.55781247392,2.22855781247392,NA,NA,NA,a.,Acute hepatitis A,2703777939.56188,8.242384775263887e-4
2019,190,Acute hepatitis B,4,2201750.73570951,2201.7507357095096,2.20175073570951,NA,NA,NA,b.,Acute hepatitis B,2703777939.56188,8.143238035540305e-4
2019,200,Acute hepatitis C,4,643459.749074843,643.459749074843,0.643459749074843,NA,NA,NA,c.,Acute hepatitis C,2703777939.56188,2.3798542759732302e-4
2019,205,Acute hepatitis E,4,253930.696809309,253.930696809309,0.253930696809309,NA,NA,NA,d.,Acute hepatitis E,2703777939.56188,9.39169941043516e-5
2019,210,Parasitic and vector diseases,3,62506881.010105,62506.881010105,62.506881010105,NA,NA,9.,Parasitic and vector diseases,NA,2703777939.56188,0.02311834862453002
2019,220,Malaria,4,49829194.7112425,49829.1947112425,49.829194711242494,NA,NA,NA,a.,Malaria,2703777939.56188,0.018429470106304965
2019,230,Trypanosomiasis,4,65997.0381285091,65.9970381285091,0.0659970381285091,NA,NA,NA,b.,Trypanosomiasis,2703777939.56188,2.4409193211778055e-5
2019,240,Chagas disease,4,208741.959167006,208.741959167006,0.208741959167006,NA,NA,NA,c.,Chagas disease,2703777939.56188,7.720381031026184e-5
2019,250,Schistosomiasis,4,1933819.07568108,1933.8190756810802,1.93381907568108,NA,NA,NA,d.,Schistosomiasis,2703777939.56188,7.152285131797606e-4
2019,260,Leishmaniasis,4,869438.566099453,869.438566099453,0.869438566099453,NA,NA,NA,e.,Leishmaniasis,2703777939.56188,3.2156433905971464e-4
2019,270,lymphatic filariasis,4,1374512.46626472,1374.5124662647202,1.3745124662647201,NA,NA,NA,f.,lymphatic filariasis,2703777939.56188,5.083673648463327e-4
2019,280,Onchocerciasis,4,1285376.2895363,1285.3762895363002,1.2853762895363001,NA,NA,NA,g.,Onchocerciasis,2703777939.56188,4.7540009507755e-4
2019,285,Cysticercosis,4,1071178.32495353,1071.17832495353,1.07117832495353,NA,NA,NA,h.,Cysticercosis,2703777939.56188,3.961783655676633e-4
2019,295,Echinococcosis,4,504990.013324541,504.990013324541,0.504990013324541,NA,NA,NA,i.,Echinococcosis,2703777939.56188,1.8677199999877562e-4
2019,300,Dengue,4,1907535.2448641,1907.5352448641,1.9075352448640999,NA,NA,NA,j.,Dengue,2703777939.56188,7.055073632168168e-4
2019,310,Trachoma,4,133889.632141634,133.889632141634,0.13388963214163402,NA,NA,NA,k.,Trachoma,2703777939.56188,4.9519463186140746e-5
2019,315,Yellow fever,4,489036.728227004,489.036728227004,0.489036728227004,NA,NA,NA,l.,Yellow fever,2703777939.56188,1.8087163190119357e-4
2019,320,Rabies,4,2833170.96047459,2833.1709604745897,2.83317096047459,NA,NA,NA,m.,Rabies,2703777939.56188,0.0010478563786690547
2019,330,Intestinal nematode infections,3,2389997.1542431,2389.9971542431,2.3899971542430998,NA,NA,10.,Intestinal nematode infections,NA,2703777939.56188,8.839472795722178e-4
2019,340,Ascariasis,4,714909.989339767,714.909989339767,0.714909989339767,NA,NA,NA,a.,Ascariasis,2703777939.56188,2.6441150320784517e-4
2019,350,Trichuriasis,4,194378.738657532,194.378738657532,0.194378738657532,NA,NA,NA,b.,Trichuriasis,2703777939.56188,7.189153214595319e-5
2019,360,Hookworm disease,4,593273.251332002,593.273251332002,0.593273251332002,NA,NA,NA,c.,Hookworm disease,2703777939.56188,2.1942380794339047e-4
2019,362,Food-borne trematodes,4,887435.174913798,887.4351749137979,0.887435174913798,NA,NA,NA,d.,Food-borne trematodes,2703777939.56188,3.282204362750285e-4
2019,365,Leprosy,3,29466.115007457902,29.4661150074579,0.029466115007457903,NA,NA,11.,Leprosy,NA,2703777939.56188,1.0898126867708887e-5
2019,370,Other infectious diseases,3,20559764.9530977,20559.7649530977,20.5597649530977,NA,NA,12.,Other infectious diseases,NA,2703777939.56188,0.007604087840301413
2019,380,Respiratory Infectious,2,121172377.926236,121172.377926236,121.17237792623601,NA,B.,Respiratory Infectious,NA,NA,2703777939.56188,0.044815950360875705
2019,390,Lower respiratory infections,3,112960304.606663,112960.304606663,112.960304606663,NA,NA,1.,Lower respiratory infections,NA,2703777939.56188,0.04177869156849733
2019,395,COVID-19,3,0,0,0,NA,NA,2.,COVID-19,NA,2703777939.56188,0
2019,400,Upper respiratory infections,3,5725715.27648204,5725.71527648204,5.72571527648204,NA,NA,3.,Upper respiratory infections,NA,2703777939.56188,0.0021176721626073457
2019,410,Otitis media,3,2486358.04309112,2486.35804309112,2.48635804309112,NA,NA,4.,Otitis media,NA,2703777939.56188,9.195866297710859e-4
2019,420,Maternal conditions,2,15782475.3808639,15782.4753808639,15.7824753808639,NA,C.,Maternal conditions,NA,NA,2703777939.56188,0.005837193635591719
2019,490,Neonatal conditions,2,212269727.72004,212269.72772003998,212.26972772003998,NA,D.,Neonatal conditions,NA,NA,2703777939.56188,0.07850856559412425
2019,500,Preterm birth complications,3,105730146.757077,105730.14675707699,105.730146757077,NA,NA,1.,Preterm birth complications,NA,2703777939.56188,0.03910459701960935
2019,510,Birth asphyxia and birth trauma,3,62825677.0138883,62825.6770138883,62.8256770138883,NA,NA,2.,Birth asphyxia and birth trauma,NA,2703777939.56188,0.02323625623784347
2019,520,Neonatal sepsis and infections,3,19541406.4402904,19541.4064402904,19.541406440290398,NA,NA,3.,Neonatal sepsis and infections,NA,2703777939.56188,0.0072274450332473995
2019,530,Other neonatal conditions,3,24172497.5087845,24172.497508784498,24.1724975087845,NA,NA,4.,Other neonatal conditions,NA,2703777939.56188,0.008940267303424114
2019,540,Nutritional deficiencies,2,50310264.3328966,50310.2643328966,50.3102643328966,NA,E.,Nutritional deficiencies,NA,NA,2703777939.56188,0.0186073950810653
2019,550,Protein-energy malnutrition,3,12689501.7471115,12689.501747111499,12.6895017471115,NA,NA,1.,Protein-energy malnutrition,NA,2703777939.56188,0.004693248495535734
2019,560,Iodine deficiency,3,2235420.75390553,2235.42075390553,2.23542075390553,NA,NA,2.,Iodine deficiency,NA,2703777939.56188,8.267767560333588e-4
2019,570,Vitamin A deficiency,3,1151703.06541237,1151.70306541237,1.15170306541237,NA,NA,3.,Vitamin A deficiency,NA,2703777939.56188,4.259606710153837e-4
2019,580,Iron-deficiency anaemia,3,32692723.1518442,32692.7231518442,32.6927231518442,NA,NA,4.,Iron-deficiency anaemia,NA,2703777939.56188,0.012091497113532084
2019,590,Other nutritional deficiencies,3,1540915.61462306,1540.91561462306,1.54091561462306,NA,NA,5.,Other nutritional deficiencies,NA,2703777939.56188,5.699120449487615e-4
2019,600,Noncommunicable diseases,1,1708563490.81081,1708563.4908108101,1708.56349081081,II.,Noncommunicable diseases,NA,NA,NA,2703777939.56188,0.631917091197092
2019,610,Malignant neoplasms,2,263690223.002241,263690.223002241,263.690223002241,NA,A.,Malignant neoplasms,NA,NA,2703777939.56188,0.0975265827655097
2019,620,Mouth and oropharynx cancers,3,12144264.248739,12144.264248739,12.144264248739,NA,NA,1.,Mouth and oropharynx cancers,NA,2703777939.56188,0.004491590848140012
2019,621,Lip and oral cavity,4,6036481.0012074,6036.4810012074,6.0364810012074,NA,NA,NA,a.,Lip and oral cavity,2703777939.56188,0.002232609754255762
2019,622,Nasopharynx,4,2868869.8103554,2868.8698103554,2.8688698103554002,NA,NA,NA,b.,Nasopharynx,2703777939.56188,0.001061059700346646
2019,623,Other pharynx,4,3238913.43717621,3238.9134371762098,3.23891343717621,NA,NA,NA,c.,Other pharynx,2703777939.56188,0.001197921393537608
2019,630,Oesophagus cancer,3,13346522.1809665,13346.5221809665,13.3465221809665,NA,NA,2.,Oesophagus cancer,NA,2703777939.56188,0.004936249381163739
2019,640,Stomach cancer,3,21818812.9310517,21818.8129310517,21.818812931051703,NA,NA,3.,Stomach cancer,NA,2703777939.56188,0.008069750334077813
2019,650,Colon and rectum cancers,3,23287476.8176753,23287.4768176753,23.2874768176753,NA,NA,4.,Colon and rectum cancers,NA,2703777939.56188,0.00861293987088629
2019,660,Liver cancer,3,16972418.8401156,16972.4188401156,16.972418840115598,NA,NA,5.,Liver cancer,NA,2703777939.56188,0.006277297625583042
2019,661,Liver cancer secondary to hepatitis B,4,8406298.61191329,8406.29861191329,8.40629861191329,NA,NA,NA,a.,Liver cancer secondary to hepatitis B,2703777939.56188,0.00310909357196525
2019,662,Liver cancer secondary to hepatitis C,4,3155437.20826256,3155.43720826256,3.15543720826256,NA,NA,NA,b.,Liver cancer secondary to hepatitis C,2703777939.56188,0.0011670474716477149
2019,663,Liver cancer secondary to alcohol use,4,3220070.5214254,3220.0705214254,3.2200705214254,NA,NA,NA,c.,Liver cancer secondary to alcohol use,2703777939.56188,0.0011909522872825791
2019,664,Other liver cancer,4,2190612.49851431,2190.61249851431,2.19061249851431,NA,NA,NA,d.,Other liver cancer,2703777939.56188,8.102042946874833e-4
2019,670,Pancreas cancer,3,10820827.1245709,10820.8271245709,10.8208271245709,NA,NA,6.,Pancreas cancer,NA,2703777939.56188,0.004002113844572719
2019,680,"Trachea, bronchus, lung cancers",3,44441796.4693832,44441.796469383204,44.4417964693832,NA,NA,7.,"Trachea, bronchus, lung cancers",NA,2703777939.56188,0.016436925466070097
2019,690,Melanoma and other skin cancers,3,3265422.06354677,3265.42206354677,3.2654220635467697,NA,NA,8.,Melanoma and other skin cancers,NA,2703777939.56188,0.0012077256847786465
2019,691,Malignant skin melanoma,4,1690558.27673962,1690.55827673962,1.69055827673962,NA,NA,NA,a.,Malignant skin melanoma,2703777939.56188,6.252578113029348e-4
2019,692,Non-melanoma skin cancer,4,1574863.78680715,1574.86378680715,1.5748637868071502,NA,NA,NA,b.,Non-melanoma skin cancer,2703777939.56188,5.824678734757118e-4
2019,700,Breast cancer,3,21593538.7427543,21593.5387427543,21.593538742754298,NA,NA,9.,Breast cancer,NA,2703777939.56188,0.007986432031564438
2019,710,Cervix uteri cancer,3,11415087.7777248,11415.0877777248,11.4150877777248,NA,NA,10.,Cervix uteri cancer,NA,2703777939.56188,0.004221902845902538
2019,720,Corpus uteri cancer,3,2525821.85478153,2525.82185478153,2.5258218547815297,NA,NA,11.,Corpus uteri cancer,NA,2703777939.56188,9.341824333365239e-4
2019,730,Ovary cancer,3,5405922.38763093,5405.92238763093,5.40592238763093,NA,NA,12.,Ovary cancer,NA,2703777939.56188,0.001999395848501858
2019,740,Prostate cancer,3,7829563.27458132,7829.56327458132,7.82956327458132,NA,NA,13.,Prostate cancer,NA,2703777939.56188,0.0028957863587902566
2019,742,Testicular cancer,3,574926.618855895,574.926618855895,0.574926618855895,NA,NA,14.,Testicular cancer,NA,2703777939.56188,2.1263825347619193e-4
2019,745,Kidney cancer,3,4271550.00724615,4271.55000724615,4.27155000724615,NA,NA,15.,Kidney cancer,NA,2703777939.56188,0.0015798449808856385
2019,750,Bladder cancer,3,4426983.51662288,4426.9835166228795,4.4269835166228795,NA,NA,16.,Bladder cancer,NA,2703777939.56188,0.0016373325086527734
2019,751,Brain and nervous system cancers,3,9207094.89750368,9207.094897503679,9.20709489750368,NA,NA,17.,Brain and nervous system cancers,NA,2703777939.56188,0.003405270367357016
2019,752,Gallbladder and biliary tract cancer,3,3536165.86656843,3536.16586656843,3.53616586656843,NA,NA,18.,Gallbladder and biliary tract cancer,NA,2703777939.56188,0.0013078610542777895
2019,753,Larynx cancer,3,3185849.17780454,3185.84917780454,3.18584917780454,NA,NA,19.,Larynx cancer,NA,2703777939.56188,0.001178295425518848
2019,754,Thyroid cancer,3,1262923.12628323,1262.92312628323,1.2629231262832301,NA,NA,20.,Thyroid cancer,NA,2703777939.56188,4.6709572846351206e-4
2019,755,Mesothelioma,3,630062.988767132,630.0629887671321,0.6300629887671321,NA,NA,21.,Mesothelioma,NA,2703777939.56188,2.330305975013715e-4
2019,760,"Lymphomas, multiple myeloma",3,11708148.5584643,11708.1485584643,11.7081485584643,NA,NA,22.,"Lymphomas, multiple myeloma",NA,2703777939.56188,0.0043302922134062114
2019,761,Hodgkin lymphoma,4,1105828.43819683,1105.82843819683,1.10582843819683,NA,NA,NA,a.,Hodgkin lymphoma,2703777939.56188,4.0899380900193984e-4
2019,762,Non-Hodgkin lymphoma,4,7905534.64342138,7905.53464342138,7.90553464342138,NA,NA,NA,b.,Non-Hodgkin lymphoma,2703777939.56188,0.002923884586728447
2019,763,Multiple myeloma,4,2696785.47684608,2696.7854768460797,2.6967854768460797,NA,NA,NA,c.,Multiple myeloma,2703777939.56188,9.974138176758209e-4
2019,770,Leukaemia,3,11392908.3141799,11392.908314179898,11.392908314179898,NA,NA,23.,Leukaemia,NA,2703777939.56188,0.004213699707907967
2019,780,Other malignant neoplasms,3,18626135.2164231,18626.135216423103,18.6261352164231,NA,NA,24.,Other malignant neoplasms,NA,2703777939.56188,0.006888929354694446
2019,790,Other neoplasms,2,2860152.2852438,2860.1522852437997,2.8601522852438,NA,B.,Other neoplasms,NA,NA,2703777939.56188,0.0010578354987640956
2019,800,Diabetes mellitus,2,74395950.1710783,74395.9501710783,74.3959501710783,NA,C.,Diabetes mellitus,NA,NA,2703777939.56188,0.027515554839956054
2019,810,"Endocrine, blood, immune disorders",2,25290527.188207,25290.527188207,25.290527188207,NA,D.,"Endocrine, blood, immune disorders",NA,NA,2703777939.56188,0.009353773776371989
2019,811,Thalassaemias,3,2824543.17979272,2824.54317979272,2.82454317979272,NA,NA,1.,Thalassaemias,NA,2703777939.56188,0.0010446653693203846
2019,812,Sickle cell disorders and trait,3,4644167.47721717,4644.16747721717,4.64416747721717,NA,NA,2.,Sickle cell disorders and trait,NA,2703777939.56188,0.001717658617323326
2019,813,Other haemoglobinopathies and haemolytic anaemias,3,4395107.56882532,4395.10756882532,4.3951075688253205,NA,NA,3.,Other haemoglobinopathies and haemolytic anaemias,NA,2703777939.56188,0.0016255430982388677
2019,814,"Other endocrine, blood and immune disorders",3,13426708.9623718,13426.7089623718,13.4267089623718,NA,NA,4.,"Other endocrine, blood and immune disorders",NA,2703777939.56188,0.0049659066914894134
2019,820,Mental and substance use disorders,2,172287248.452657,172287.24845265702,172.28724845265702,NA,E.,Mental and substance use disorders,NA,NA,2703777939.56188,0.06372093134267322
2019,830,Depressive disorders,3,48259458.1403335,48259.4581403335,48.25945814033351,NA,NA,1.,Depressive disorders,NA,2703777939.56188,0.017848898548285908
2019,840,Bipolar disorder,3,7916475.71068357,7916.4757106835705,7.91647571068357,NA,NA,2.,Bipolar disorder,NA,2703777939.56188,0.0029279311717316384
2019,850,Schizophrenia,3,14746638.8039518,14746.6388039518,14.7466388039518,NA,NA,3.,Schizophrenia,NA,2703777939.56188,0.005454086516565537
2019,860,Alcohol use disorders,3,17072340.6969537,17072.3406969537,17.0723406969537,NA,NA,4.,Alcohol use disorders,NA,2703777939.56188,0.006314254009972468
2019,870,Drug use disorders,3,15644901.8319169,15644.9018319169,15.6449018319169,NA,NA,5.,Drug use disorders,NA,2703777939.56188,0.005786311665244224
2019,871,Opioid use disorders,4,11215743.2368334,11215.7432368334,11.215743236833399,NA,NA,NA,a.,Opioid use disorders,2703777939.56188,0.004148174697605084
2019,872,Cocaine use disorders,4,1173311.65129253,1173.3116512925299,1.17331165129253,NA,NA,NA,b.,Cocaine use disorders,2703777939.56188,4.339526682737315e-4
2019,873,Amphetamine use disorders,4,1670617.89686797,1670.61789686797,1.67061789686797,NA,NA,NA,c.,Amphetamine use disorders,2703777939.56188,6.178828048055888e-4
2019,874,Cannabis use disorders,4,686084.25581864,686.08425581864,0.68608425581864,NA,NA,NA,d.,Cannabis use disorders,2703777939.56188,2.537502232634582e-4
2019,875,Other drug use disorders,4,899144.791104393,899.144791104393,0.8991447911043929,NA,NA,NA,e.,Other drug use disorders,2703777939.56188,3.3255127129637365e-4
2019,880,Anxiety disorders,3,35196288.0916718,35196.2880916718,35.1962880916718,NA,NA,6.,Anxiety disorders,NA,2703777939.56188,0.013017447763249005
2019,890,Eating disorders,3,3381883.05264823,3381.88305264823,3.38188305264823,NA,NA,7.,Eating disorders,NA,2703777939.56188,0.0012507991145146446
2019,900,Austism and Asperger syndrome,3,11471212.7727323,11471.2127727323,11.4712127727323,NA,NA,8.,Austism and Asperger syndrome,NA,2703777939.56188,0.004242660835745666
2019,910,Childhood behavioural disorders,3,5979524.47251228,5979.524472512279,5.97952447251228,NA,NA,9.,Childhood behavioural disorders,NA,2703777939.56188,0.002211544219301235
2019,911,Attention deficit/hyperactivity syndrome,4,1033627.77373841,1033.62777373841,1.03362777373841,NA,NA,NA,a.,Attention deficit/hyperactivity syndrome,2703777939.56188,3.822901868582813e-4
2019,912,Conduct disorder,4,4945896.69877386,4945.89669877386,4.94589669877386,NA,NA,NA,b.,Conduct disorder,2703777939.56188,0.00182925403244295
2019,920,Idiopathic intellectual disability,3,3851784.17874454,3851.78417874454,3.85178417874454,NA,NA,10.,Idiopathic intellectual disability,NA,2703777939.56188,0.0014245933892665322
2019,930,Other mental and behavioural disorders,3,8766740.70050878,8766.74070050878,8.76674070050878,NA,NA,11.,Other mental and behavioural disorders,NA,2703777939.56188,0.003242404108796502
2019,940,Neurological conditions,2,108335942.653099,108335.942653099,108.335942653099,NA,F.,Neurological conditions,NA,NA,2703777939.56188,0.04006835808071344
2019,950,Alzheimer disease and other dementias,3,31520819.7587388,31520.819758738802,31.5208197587388,NA,NA,1.,Alzheimer disease and other dementias,NA,2703777939.56188,0.011658065293574528
2019,960,Parkinson disease,3,6584042.80416288,6584.04280416288,6.5840428041628805,NA,NA,2.,Parkinson disease,NA,2703777939.56188,0.002435127052345785
2019,970,Epilepsy,3,14259402.7516392,14259.4027516392,14.2594027516392,NA,NA,3.,Epilepsy,NA,2703777939.56188,0.005273880869798721
2019,980,Multiple sclerosis,3,983304.923363979,983.304923363979,0.983304923363979,NA,NA,4.,Multiple sclerosis,NA,2703777939.56188,3.636781367937759e-4
2019,990,Migraine,3,42748781.2963434,42748.781296343404,42.7487812963434,NA,NA,5.,Migraine,NA,2703777939.56188,0.015810758964647224
2019,1000,Non-migrane headache,3,4496357.73445561,4496.35773445561,4.49635773445561,NA,NA,6.,Non-migrane headache,NA,2703777939.56188,0.001662990761432205
2019,1010,Other neurological conditions,3,7743233.3843953,7743.2333843953,7.7432333843953005,NA,NA,7.,Other neurological conditions,NA,2703777939.56188,0.0028638570021212663
2019,1020,Sense organ diseases,2,73913758.504239,73913.758504239,73.913758504239,NA,G.,Sense organ diseases,NA,NA,2703777939.56188,0.027337214873576477
2019,1030,Glaucoma,3,729268.591835725,729.268591835725,0.729268591835725,NA,NA,1.,Glaucoma,NA,2703777939.56188,2.697220733866538e-4
2019,1040,Cataracts,3,6234654.68923588,6234.65468923588,6.23465468923588,NA,NA,2.,Cataracts,NA,2703777939.56188,0.0023059048592748497
2019,1050,Uncorrected refractive errors,3,17532562.2502151,17532.562250215098,17.532562250215097,NA,NA,3.,Uncorrected refractive errors,NA,2703777939.56188,0.0064844682670412174
2019,1060,Macular degeneration,3,536916.599704874,536.916599704874,0.5369165997048739,NA,NA,4.,Macular degeneration,NA,2703777939.56188,1.9858013923727624e-4
2019,1070,Other vision loss,3,2892343.96649562,2892.34396649562,2.89234396649562,NA,NA,5.,Other vision loss,NA,2703777939.56188,0.001069741684098619
2019,1080,Other hearing loss,3,42391688.6321767,42391.688632176694,42.391688632176695,NA,NA,6.,Other hearing loss,NA,2703777939.56188,0.015678687222015666
2019,1090,Other sense organ disorders,3,3596323.77457505,3596.32377457505,3.59632377457505,NA,NA,7.,Other sense organ disorders,NA,2703777939.56188,0.0013301106285221772
2019,1100,Cardiovascular diseases,2,426995088.407268,426995.088407268,426.995088407268,NA,H.,Cardiovascular diseases,NA,NA,2703777939.56188,0.15792535406086575
2019,1110,Rheumatic heart disease,3,14162145.827357,14162.145827357,14.162145827357,NA,NA,1.,Rheumatic heart disease,NA,2703777939.56188,0.005237910118333103
2019,1120,Hypertensive heart disease,3,25618106.1459256,25618.1061459256,25.6181061459256,NA,NA,2.,Hypertensive heart disease,NA,2703777939.56188,0.00947492979030547
2019,1130,Ischaemic heart disease,3,189025862.542444,189025.862542444,189.025862542444,NA,NA,3.,Ischaemic heart disease,NA,2703777939.56188,0.06991175561299007
2019,1140,Stroke,3,157041175.454604,157041.175454604,157.041175454604,NA,NA,4.,Stroke,NA,2703777939.56188,0.058082127661730584
2019,1141,Ischaemic stroke,4,66534935.5816553,66534.9355816553,66.5349355816553,NA,NA,NA,a.,Ischaemic stroke,2703777939.56188,0.024608136122464486
2019,1142,Haemorrhagic stroke,4,90506239.8537774,90506.2398537774,90.50623985377739,NA,NA,NA,b.,Haemorrhagic stroke,2703777939.56188,0.033473991532175534
2019,1150,"Cardiomyopathy, myocarditis, endocarditis",3,13662427.9127456,13662.427912745601,13.662427912745601,NA,NA,5.,"Cardiomyopathy, myocarditis, endocarditis",NA,2703777939.56188,0.005053088019114269
2019,1160,Other circulatory diseases,3,27485370.5241925,27485.3705241925,27.4853705241925,NA,NA,6.,Other circulatory diseases,NA,2703777939.56188,0.010165542858392515
2019,1170,Respiratory diseases,2,108363147.243649,108363.147243649,108.36314724364901,NA,I.,Respiratory diseases,NA,NA,2703777939.56188,0.04007841977629574
2019,1180,Chronic obstructive pulmonary disease,3,77575367.3890037,77575.36738900369,77.57536738900369,NA,NA,1.,Chronic obstructive pulmonary disease,NA,2703777939.56188,0.028691471386727122
2019,1190,Asthma,3,21949610.827727,21949.610827727,21.949610827727,NA,NA,2.,Asthma,NA,2703777939.56188,0.008118126310063657
2019,1200,Other respiratory diseases,3,8838169.02691832,8838.16902691832,8.83816902691832,NA,NA,3.,Other respiratory diseases,NA,2703777939.56188,0.003268822079504967
2019,1210,Digestive diseases,2,92747448.885687,92747.44888568699,92.74744888568699,NA,J.,Digestive diseases,NA,NA,2703777939.56188,0.034302909099375146
2019,1220,Peptic ulcer disease,3,6361229.96666288,6361.22996666288,6.36122996666288,NA,NA,1.,Peptic ulcer disease,NA,2703777939.56188,0.002352719087460878
2019,1230,Cirrhosis of the liver,3,46171695.9183447,46171.695918344696,46.171695918344696,NA,NA,2.,Cirrhosis of the liver,NA,2703777939.56188,0.017076733722380454
2019,1231,Cirrhosis due to hepatitis B,4,11578331.5556973,11578.3315556973,11.5783315556973,NA,NA,NA,a.,Cirrhosis due to hepatitis B,2703777939.56188,0.004282279023836348
2019,1232,Cirrhosis due to hepatitis C,4,10866134.0168561,10866.1340168561,10.866134016856101,NA,NA,NA,b.,Cirrhosis due to hepatitis C,2703777939.56188,0.004018870728199242
2019,1233,Cirrhosis due to alcohol use,4,13084248.418576,13084.248418576,13.084248418576001,NA,NA,NA,c.,Cirrhosis due to alcohol use,2703777939.56188,0.004839246680404594
2019,1234,Other liver cirrhosis,4,10642981.9272154,10642.9819272154,10.642981927215398,NA,NA,NA,d.,Other liver cirrhosis,2703777939.56188,0.003936337289940308
2019,1240,Appendicitis,3,1378318.35209263,1378.31835209263,1.37831835209263,NA,NA,3.,Appendicitis,NA,2703777939.56188,5.097749825993375e-4
2019,1241,Gastritis and duodenitis,3,2822635.08244814,2822.6350824481397,2.82263508244814,NA,NA,4.,Gastritis and duodenitis,NA,2703777939.56188,0.001043959654062981
2019,1242,Paralytic ileus and intestinal obstruction,3,6686290.86807412,6686.29086807412,6.68629086807412,NA,NA,5.,Paralytic ileus and intestinal obstruction,NA,2703777939.56188,0.002472943791070936
2019,1244,Inflammatory bowel disease,3,1266584.52787207,1266.5845278720699,1.26658452787207,NA,NA,6.,Inflammatory bowel disease,NA,2703777939.56188,4.6844990830767236e-4
2019,1246,Gallbladder and biliary diseases,3,7457637.20751333,7457.6372075133295,7.457637207513329,NA,NA,7.,Gallbladder and biliary diseases,NA,2703777939.56188,0.002758228439692708
2019,1248,Pancreatitis,3,4124794.35284917,4124.7943528491705,4.12479435284917,NA,NA,8.,Pancreatitis,NA,2703777939.56188,0.001525566982589388
2019,1250,Other digestive diseases,3,16478262.6098299,16478.2626098299,16.4782626098299,NA,NA,9.,Other digestive diseases,NA,2703777939.56188,0.006094532531210769
2019,1260,Genitourinary diseases,2,79725675.0217344,79725.67502173441,79.7256750217344,NA,K.,Genitourinary diseases,NA,NA,2703777939.56188,0.02948676881158855
2019,1270,Kidney diseases,3,41559534.8291157,41559.534829115706,41.559534829115705,NA,NA,1.,Kidney diseases,NA,2703777939.56188,0.015370912759148411
2019,1271,Acute glomerulonephritis,4,333468.463209043,333.468463209043,0.333468463209043,NA,NA,NA,a.,Acute glomerulonephritis,2703777939.56188,1.233342643749354e-4
2019,1272,Chronic kidney disease due to diabetes,4,14155487.4469602,14155.4874469602,14.1554874469602,NA,NA,NA,b.,Chronic kidney disease due to diabetes,2703777939.56188,0.005235447497309618
2019,1273,Other chronic kidney disease,4,27070578.9189465,27070.5789189465,27.070578918946502,NA,NA,NA,c.,Other chronic kidney disease,2703777939.56188,0.010012130997463873
2019,1280,Benign prostatic hyperplasia,3,2164752.65128463,2164.75265128463,2.16475265128463,NA,NA,2.,Benign prostatic hyperplasia,NA,2703777939.56188,8.006399562663073e-4
2019,1290,Urolithiasis,3,583089.855217481,583.089855217481,0.583089855217481,NA,NA,3.,Urolithiasis,NA,2703777939.56188,2.156574497800529e-4
2019,1300,Other urinary diseases,3,7926312.03426346,7926.31203426346,7.92631203426346,NA,NA,4.,Other urinary diseases,NA,2703777939.56188,0.0029315691641258967
2019,1310,Infertility,3,883592.696486829,883.5926964868289,0.8835926964868289,NA,NA,5.,Infertility,NA,2703777939.56188,3.267992846446577e-4
2019,1320,Gynecological diseases,3,26608392.9553663,26608.3929553663,26.6083929553663,NA,NA,6.,Gynecological diseases,NA,2703777939.56188,0.009841190197623226
2019,1330,Skin diseases,2,40800582.6300445,40800.5826300445,40.800582630044495,NA,L.,Skin diseases,NA,NA,2703777939.56188,0.015090212118771788
2019,1340,Musculoskeletal diseases,2,158248590.384736,158248.590384736,158.248590384736,NA,M.,Musculoskeletal diseases,NA,NA,2703777939.56188,0.05852869352517115
2019,1350,Rheumatoid arthritis,3,2985584.23958453,2985.5842395845298,2.98558423958453,NA,NA,1.,Rheumatoid arthritis,NA,2703777939.56188,0.0011042268656383494
2019,1360,Osteoarthritis,3,20228135.4550654,20228.1354550654,20.2281354550654,NA,NA,2.,Osteoarthritis,NA,2703777939.56188,0.007481433722453984
2019,1370,Gout,3,1749024.49312011,1749.0244931201098,1.74902449312011,NA,NA,3.,Gout,NA,2703777939.56188,6.468817085635079e-4
2019,1380,Back and neck pain,3,88522395.8418833,88522.3958418833,88.5223958418833,NA,NA,4.,Back and neck pain,NA,2703777939.56188,0.03274026115333549
2019,1390,Other musculoskeletal disorders,3,44763450.3550824,44763.4503550824,44.7634503550824,NA,NA,5.,Other musculoskeletal disorders,NA,2703777939.56188,0.01655589007517972
2019,1400,Congenital anomalies,2,55809537.1204132,55809.5371204132,55.8095371204132,NA,N.,Congenital anomalies,NA,NA,2703777939.56188,0.02064131684181748
2019,1410,Neural tube defects,3,5270354.02250522,5270.35402250522,5.27035402250522,NA,NA,1.,Neural tube defects,NA,2703777939.56188,0.0019492555011227097
2019,1420,Cleft lip and cleft palate,3,408807.895824513,408.80789582451297,0.408807895824513,NA,NA,2.,Cleft lip and cleft palate,NA,2703777939.56188,1.511987688940003e-4
2019,1430,Down syndrome,3,2257707.31430715,2257.7073143071498,2.25770731430715,NA,NA,3.,Down syndrome,NA,2703777939.56188,8.350195041065349e-4
2019,1440,Congenital heart anomalies,3,24358181.8144528,24358.1818144528,24.358181814452802,NA,NA,4.,Congenital heart anomalies,NA,2703777939.56188,0.009008943174674988
2019,1450,Other chromosomal anomalies,3,2262153.92134939,2262.1539213493897,2.2621539213493898,NA,NA,5.,Other chromosomal anomalies,NA,2703777939.56188,8.366640944322333e-4
2019,1460,Other congenital anomalies,3,21252332.1519741,21252.3321519741,21.2523321519741,NA,NA,6.,Other congenital anomalies,NA,2703777939.56188,0.007860235798587004
2019,1470,Oral conditions,2,22379202.7177644,22379.2027177644,22.3792027177644,NA,O.,Oral conditions,NA,NA,2703777939.56188,0.008277012098630675
2019,1480,Dental caries,3,2376377.01352391,2376.37701352391,2.37637701352391,NA,NA,1.,Dental caries,NA,2703777939.56188,8.789098315925228e-4
2019,1490,Periodontal disease,3,6700921.2413432,6700.921241343201,6.7009212413432,NA,NA,2.,Periodontal disease,NA,2703777939.56188,0.002478354876447071
2019,1500,Edentulism,3,8994035.74614051,8994.03574614051,8.99403574614051,NA,NA,3.,Edentulism,NA,2703777939.56188,0.003326469831171824
2019,1502,Other oral disorders,3,4307868.71675674,4307.86871675674,4.307868716756739,NA,NA,4.,Other oral disorders,NA,2703777939.56188,0.0015932775594192422
2019,1505,Sudden infant death syndrome,2,2720416.14275068,2720.41614275068,2.72041614275068,NA,P.,Sudden infant death syndrome,NA,NA,2703777939.56188,0.001006153687011551
2019,1510,Injuries,1,274208721.782485,274208.721782485,274.208721782485,III.,Injuries,NA,NA,NA,2703777939.56188,0.10141687960769358
2019,1520,Unintentional injuries,2,192317566.976666,192317.566976666,192.317566976666,NA,A.,Unintentional injuries,NA,NA,2703777939.56188,0.07112920190769406
2019,1530,Road injury,3,69003522.3339025,69003.5223339025,69.0035223339025,NA,NA,1.,Road injury,NA,2703777939.56188,0.025521149989515712
2019,1540,Poisonings,3,3423381.69838202,3423.38169838202,3.4233816983820198,NA,NA,2.,Poisonings,NA,2703777939.56188,0.0012661475072678285
2019,1550,Falls,3,42722669.2588561,42722.669258856105,42.7226692588561,NA,NA,3.,Falls,NA,2703777939.56188,0.015801101352938357
2019,1560,"Fire, heat and hot substances",3,9449165.18480471,9449.16518480471,9.44916518480471,NA,NA,4.,"Fire, heat and hot substances",NA,2703777939.56188,0.0034948007551004177
2019,1570,Drowning,3,20029979.5757689,20029.9795757689,20.0299795757689,NA,NA,5.,Drowning,NA,2703777939.56188,0.007408145204045327
2019,1575,Exposure to mechanical forces,3,10913529.8987258,10913.529898725801,10.9135298987258,NA,NA,6.,Exposure to mechanical forces,NA,2703777939.56188,0.004036400230595204
2019,1580,Natural disasters,3,1146016.30437788,1146.01630437788,1.14601630437788,NA,NA,7.,Natural disasters,NA,2703777939.56188,4.2385740619053214e-4
2019,1590,Other unintentional injuries,3,35629302.7218477,35629.3027218477,35.6293027218477,NA,NA,8.,Other unintentional injuries,NA,2703777939.56188,0.013177599462040536
2019,1600,Intentional injuries,2,81891154.8058193,81891.1548058193,81.8911548058193,NA,B.,Intentional injuries,NA,NA,2703777939.56188,0.03028767769999963
2019,1610,Self-harm,3,35084971.8509364,35084.971850936396,35.0849718509364,NA,NA,1.,Self-harm,NA,2703777939.56188,0.012976277133403035
2019,1620,Interpersonal violence,3,33162617.8362179,33162.6178362179,33.1626178362179,NA,NA,2.,Interpersonal violence,NA,2703777939.56188,0.01226528900579445
2019,1630,Collective violence and legal intervention,3,13643565.118665,13643.565118665001,13.643565118665,NA,NA,3.,Collective violence and legal intervention,NA,2703777939.56188,0.005046111560802142
2019,1700,Other COVID-19 pandemic-related outcomes,2,0,0,0,NA,C.,Other COVID-19 pandemic-related outcomes,NA,NA,2703777939.56188,0
2020,0,All Causes,0,2822008116.3098,2822008.1163098,2822.0081163098002,NA,All Causes,NA,NA,NA,2822008116.3098,1
2020,10,"Communicable, maternal, perinatal and nutritional conditions",1,800787472.664015,800787.472664015,800.787472664015,I.,"Communicable, maternal, perinatal and nutritional conditions",NA,NA,NA,2822008116.3098,0.28376512031835155
2020,20,Infectious and parasitic diseases,2,311291028.054612,311291.028054612,311.29102805461196,NA,A.,Infectious and parasitic diseases,NA,NA,2822008116.3098,0.11030833903542127
2020,30,Tuberculosis,3,60503383.6931127,60503.3836931127,60.5033836931127,NA,NA,1.,Tuberculosis,NA,2822008116.3098,0.02143983333833567
2020,40,STDs excluding HIV,3,6932546.18207525,6932.54618207525,6.93254618207525,NA,NA,2.,STDs excluding HIV,NA,2822008116.3098,0.002456600369789367
2020,50,Syphilis,4,5674573.69156864,5674.57369156864,5.67457369156864,NA,NA,NA,a.,Syphilis,2822008116.3098,0.0020108282675632408
2020,60,Chlamydia,4,158416.880795709,158.416880795709,0.158416880795709,NA,NA,NA,b.,Chlamydia,2822008116.3098,5.613622437162332e-5
2020,70,Gonorrhoea,4,70908.9188075754,70.9089188075754,0.07090891880757541,NA,NA,NA,c.,Gonorrhoea,2822008116.3098,2.5127113702387036e-5
2020,80,Trichomoniasis,4,272015.531489617,272.015531489617,0.272015531489617,NA,NA,NA,d.,Trichomoniasis,2822008116.3098,9.639076865778764e-5
2020,85,Gential Herpes,4,257004.915266297,257.004915266297,0.257004915266297,NA,NA,NA,e.,Gential Herpes,2822008116.3098,9.10716428421792e-5
2020,90,Other STDs,4,499626.244147412,499.626244147412,0.499626244147412,NA,NA,NA,f.,Other STDs,2822008116.3098,1.7704635265214914e-4
2020,100,HIV/AIDS,3,42206671.76879,42206.67176879,42.20667176879,NA,NA,3.,HIV/AIDS,NA,2822008116.3098,0.014956254563853476
2020,110,Diarrhoeal diseases,3,70985576.0701064,70985.5760701064,70.9855760701064,NA,NA,4.,Diarrhoeal diseases,NA,2822008116.3098,0.025154277785327816
2020,120,Childhood-cluster diseases,3,16227494.1164425,16227.4941164425,16.2274941164425,NA,NA,5.,Childhood-cluster diseases,NA,2822008116.3098,0.005750335735271516
2020,130,Whooping cough,4,6790874.84671008,6790.87484671008,6.79087484671008,NA,NA,NA,a.,Whooping cough,2822008116.3098,0.0024063980565690824
2020,140,Diphtheria,4,371080.46799458,371.08046799458,0.37108046799458,NA,NA,NA,b.,Diphtheria,2822008116.3098,1.3149518098474623e-4
2020,150,Measles,4,7626471.83625891,7626.47183625891,7.62647183625891,NA,NA,NA,c.,Measles,2822008116.3098,0.002702498193460786
2020,160,Tetanus,4,1439066.96547893,1439.06696547893,1.4390669654789299,NA,NA,NA,d.,Tetanus,2822008116.3098,5.099443042569014e-4
2020,170,Meningitis,3,15215268.8703602,15215.2688703602,15.2152688703602,NA,NA,6.,Meningitis,NA,2822008116.3098,0.005391646034759266
2020,180,Encephalitis,3,4558773.9041903,4558.7739041903,4.5587739041903,NA,NA,7.,Encephalitis,NA,2822008116.3098,0.0016154361420305135
2020,185,Hepatitis,3,5056406.58992619,5056.40658992619,5.05640658992619,NA,NA,8.,Hepatitis,NA,2822008116.3098,0.0017917760621249388
2020,186,Acute hepatitis A,4,2093959.89242914,2093.95989242914,2.09395989242914,NA,NA,NA,a.,Acute hepatitis A,2822008116.3098,7.420105847063641e-4
2020,190,Acute hepatitis B,4,2128282.42901836,2128.2824290183603,2.12828242901836,NA,NA,NA,b.,Acute hepatitis B,2822008116.3098,7.541730361149383e-4
2020,200,Acute hepatitis C,4,585338.881642472,585.338881642472,0.585338881642472,NA,NA,NA,c.,Acute hepatitis C,2822008116.3098,2.0741927645760656e-4
2020,205,Acute hepatitis E,4,248825.386836213,248.825386836213,0.248825386836213,NA,NA,NA,d.,Acute hepatitis E,2822008116.3098,8.8173164846028e-5
2020,210,Parasitic and vector diseases,3,66615661.7296892,66615.661729689207,66.61566172968921,NA,NA,9.,Parasitic and vector diseases,NA,2822008116.3098,0.023605765463495264
2020,220,Malaria,4,54161561.7702213,54161.5617702213,54.1615617702213,NA,NA,NA,a.,Malaria,2822008116.3098,0.01919256059442015
2020,230,Trypanosomiasis,4,60159.957423481,60.159957423480996,0.060159957423481,NA,NA,NA,b.,Trypanosomiasis,2822008116.3098,2.1318137632484624e-5
2020,240,Chagas disease,4,208254.976845139,208.254976845139,0.208254976845139,NA,NA,NA,c.,Chagas disease,2822008116.3098,7.379673206520175e-5
2020,250,Schistosomiasis,4,1880810.08023042,1880.81008023042,1.88081008023042,NA,NA,NA,d.,Schistosomiasis,2822008116.3098,6.664793305732451e-4
2020,260,Leishmaniasis,4,862219.160765169,862.2191607651689,0.8622191607651689,NA,NA,NA,e.,Leishmaniasis,2822008116.3098,3.055339053711334e-4
2020,270,lymphatic filariasis,4,1348107.42439018,1348.10742439018,1.34810742439018,NA,NA,NA,f.,lymphatic filariasis,2822008116.3098,4.777121003298294e-4
2020,280,Onchocerciasis,4,1295882.062249,1295.882062249,1.295882062249,NA,NA,NA,g.,Onchocerciasis,2822008116.3098,4.592056467731073e-4
2020,285,Cysticercosis,4,1104439.75340188,1104.43975340188,1.10443975340188,NA,NA,NA,h.,Cysticercosis,2822008116.3098,3.9136661125060865e-4
2020,295,Echinococcosis,4,528520.487455181,528.520487455181,0.528520487455181,NA,NA,NA,i.,Echinococcosis,2822008116.3098,1.8728524712618508e-4
2020,300,Dengue,4,1852865.43024963,1852.86543024963,1.85286543024963,NA,NA,NA,j.,Dengue,2822008116.3098,6.565769317037011e-4
2020,310,Trachoma,4,135925.003273606,135.92500327360602,0.13592500327360602,NA,NA,NA,k.,Trachoma,2822008116.3098,4.816605681891106e-5
2020,315,Yellow fever,4,477032.699344133,477.03269934413305,0.477032699344133,NA,NA,NA,l.,Yellow fever,2822008116.3098,1.690401585265194e-4
2020,320,Rabies,4,2699882.92384009,2699.8829238400904,2.6998829238400903,NA,NA,NA,m.,Rabies,2822008116.3098,9.5672401090419e-4
2020,330,Intestinal nematode infections,3,2356773.521169,2356.7735211689997,2.356773521169,NA,NA,10.,Intestinal nematode infections,NA,2822008116.3098,8.351405892662122e-4
2020,340,Ascariasis,4,706185.822576903,706.1858225769031,0.706185822576903,NA,NA,NA,a.,Ascariasis,2822008116.3098,2.502423074177218e-4
2020,350,Trichuriasis,4,194284.065492296,194.284065492296,0.19428406549229602,NA,NA,NA,b.,Trichuriasis,2822008116.3098,6.884603356362831e-5
2020,360,Hookworm disease,4,562294.568174809,562.294568174809,0.5622945681748089,NA,NA,NA,c.,Hookworm disease,2822008116.3098,1.9925334903362845e-4
2020,362,Food-borne trematodes,4,894009.064924989,894.009064924989,0.894009064924989,NA,NA,NA,d.,Food-borne trematodes,2822008116.3098,3.167988992512326e-4
2020,365,Leprosy,3,27428.1025989262,27.428102598926202,0.027428102598926203,NA,NA,11.,Leprosy,NA,2822008116.3098,9.719356383280913e-6
2020,370,Other infectious diseases,3,20605043.5061514,20605.0435061514,20.6050435061514,NA,NA,12.,Other infectious diseases,NA,2822008116.3098,0.007301553594783984
2020,380,Respiratory Infectious,2,218824343.22429,218824.34322429,218.82434322429,NA,B.,Respiratory Infectious,NA,NA,2822008116.3098,0.07754206728166173
2020,390,Lower respiratory infections,3,106546239.129474,106546.239129474,106.546239129474,NA,NA,1.,Lower respiratory infections,NA,2822008116.3098,0.03775546870814788
2020,395,COVID-19,3,103987782.298885,103987.78229888501,103.98778229888501,NA,NA,2.,COVID-19,NA,2822008116.3098,0.03684886010705903
2020,400,Upper respiratory infections,3,5788928.34634378,5788.92834634378,5.78892834634378,NA,NA,3.,Upper respiratory infections,NA,2822008116.3098,0.0020513507076349853
2020,410,Otitis media,3,2501393.44958774,2501.39344958774,2.50139344958774,NA,NA,4.,Otitis media,NA,2822008116.3098,8.863877588200165e-4
2020,420,Maternal conditions,2,14950172.5366417,14950.1725366417,14.9501725366417,NA,C.,Maternal conditions,NA,NA,2822008116.3098,0.005297707136360507
2020,490,Neonatal conditions,2,205499242.801214,205499.24280121402,205.499242801214,NA,D.,Neonatal conditions,NA,NA,2822008116.3098,0.07282021678588763
2020,500,Preterm birth complications,3,102602957.254295,102602.957254295,102.602957254295,NA,NA,1.,Preterm birth complications,NA,2822008116.3098,0.036358136839260334
2020,510,Birth asphyxia and birth trauma,3,60826698.4855909,60826.698485590896,60.826698485590896,NA,NA,2.,Birth asphyxia and birth trauma,NA,2822008116.3098,0.021554402389576028
2020,520,Neonatal sepsis and infections,3,18885396.1130911,18885.3961130911,18.8853961130911,NA,NA,3.,Neonatal sepsis and infections,NA,2822008116.3098,0.006692183485916615
2020,530,Other neonatal conditions,3,23184190.9482371,23184.190948237097,23.1841909482371,NA,NA,4.,Other neonatal conditions,NA,2822008116.3098,0.008215494071134677
2020,540,Nutritional deficiencies,2,50222686.0472564,50222.6860472564,50.2226860472564,NA,E.,Nutritional deficiencies,NA,NA,2822008116.3098,0.017796790079020082
2020,550,Protein-energy malnutrition,3,12537798.2827932,12537.7982827932,12.537798282793199,NA,NA,1.,Protein-energy malnutrition,NA,2822008116.3098,0.004442864005362343
2020,560,Iodine deficiency,3,2237395.87908444,2237.39587908444,2.23739587908444,NA,NA,2.,Iodine deficiency,NA,2822008116.3098,7.928382155081012e-4
2020,570,Vitamin A deficiency,3,1134019.76249019,1134.01976249019,1.1340197624901902,NA,NA,3.,Vitamin A deficiency,NA,2822008116.3098,4.018485120351431e-4
2020,580,Iron-deficiency anaemia,3,32767587.9707556,32767.587970755598,32.7675879707556,NA,NA,4.,Iron-deficiency anaemia,NA,2822008116.3098,0.011611443560837148
2020,590,Other nutritional deficiencies,3,1545884.15213299,1545.88415213299,1.54588415213299,NA,NA,5.,Other nutritional deficiencies,NA,2822008116.3098,5.477957852773528e-4
2020,600,Noncommunicable diseases,1,1735028848.80326,1735028.8488032601,1735.0288488032602,II.,Noncommunicable diseases,NA,NA,NA,2822008116.3098,0.6148206444820828
2020,610,Malignant neoplasms,2,260860958.639165,260860.958639165,260.860958639165,NA,A.,Malignant neoplasms,NA,NA,2822008116.3098,0.09243806108547978
2020,620,Mouth and oropharynx cancers,3,11904606.408997,11904.606408996999,11.904606408997,NA,NA,1.,Mouth and oropharynx cancers,NA,2822008116.3098,0.004218487657847016
2020,621,Lip and oral cavity,4,5875426.88757464,5875.42688757464,5.8754268875746405,NA,NA,NA,a.,Lip and oral cavity,2822008116.3098,0.0020820021223956096
2020,622,Nasopharynx,4,2847520.48068103,2847.52048068103,2.84752048068103,NA,NA,NA,b.,Nasopharynx,2822008116.3098,0.0010090404999984874
2020,623,Other pharynx,4,3181659.04074134,3181.6590407413396,3.18165904074134,NA,NA,NA,c.,Other pharynx,2822008116.3098,0.0011274450354529233
2020,630,Oesophagus cancer,3,13270678.043466,13270.678043466,13.270678043466,NA,NA,2.,Oesophagus cancer,NA,2822008116.3098,0.004702565512398103
2020,640,Stomach cancer,3,21595261.4718745,21595.261471874503,21.5952614718745,NA,NA,3.,Stomach cancer,NA,2822008116.3098,0.007652444848427138
2020,650,Colon and rectum cancers,3,23246824.0889836,23246.824088983598,23.246824088983598,NA,NA,4.,Colon and rectum cancers,NA,2822008116.3098,0.008237688600053467
2020,660,Liver cancer,3,16748999.6969242,16748.999696924202,16.7489996969242,NA,NA,5.,Liver cancer,NA,2822008116.3098,0.005935135196856215
2020,661,Liver cancer secondary to hepatitis B,4,8226727.22533679,8226.72722533679,8.22672722533679,NA,NA,NA,a.,Liver cancer secondary to hepatitis B,2822008116.3098,0.002915203247570554
2020,662,Liver cancer secondary to hepatitis C,4,3145911.42739859,3145.9114273985897,3.1459114273985898,NA,NA,NA,b.,Liver cancer secondary to hepatitis C,2822008116.3098,0.0011147775972779066
2020,663,Liver cancer secondary to alcohol use,4,3207113.92508672,3207.11392508672,3.2071139250867198,NA,NA,NA,c.,Liver cancer secondary to alcohol use,2822008116.3098,0.0011364651669678765
2020,664,Other liver cancer,4,2169247.11910212,2169.24711910212,2.16924711910212,NA,NA,NA,d.,Other liver cancer,2822008116.3098,7.686891850398845e-4
2020,670,Pancreas cancer,3,10985600.0013759,10985.6000013759,10.9856000013759,NA,NA,6.,Pancreas cancer,NA,2822008116.3098,0.003892830760437792
2020,680,"Trachea, bronchus, lung cancers",3,44565505.6784011,44565.505678401096,44.565505678401095,NA,NA,7.,"Trachea, bronchus, lung cancers",NA,2822008116.3098,0.015792125267406105
2020,690,Melanoma and other skin cancers,3,3253467.07600422,3253.46707600422,3.2534670760042204,NA,NA,8.,Melanoma and other skin cancers,NA,2822008116.3098,0.0011528907578971168
2020,691,Malignant skin melanoma,4,1662596.65012543,1662.59665012543,1.66259665012543,NA,NA,NA,a.,Malignant skin melanoma,2822008116.3098,5.891537449933082e-4
2020,692,Non-melanoma skin cancer,4,1590870.42587879,1590.87042587879,1.59087042587879,NA,NA,NA,b.,Non-melanoma skin cancer,2822008116.3098,5.637370129038085e-4
2020,700,Breast cancer,3,21215475.2607568,21215.4752607568,21.2154752607568,NA,NA,9.,Breast cancer,NA,2822008116.3098,0.007517864721274872
2020,710,Cervix uteri cancer,3,11003359.3769217,11003.3593769217,11.0033593769217,NA,NA,10.,Cervix uteri cancer,NA,2822008116.3098,0.00389912392998722
2020,720,Corpus uteri cancer,3,2533942.5506284,2533.9425506284,2.5339425506284,NA,NA,11.,Corpus uteri cancer,NA,2822008116.3098,8.979217798784756e-4
2020,730,Ovary cancer,3,5399541.97441131,5399.54197441131,5.39954197441131,NA,NA,12.,Ovary cancer,NA,2822008116.3098,0.0019133686906159656
2020,740,Prostate cancer,3,7833088.20619708,7833.088206197081,7.83308820619708,NA,NA,13.,Prostate cancer,NA,2822008116.3098,0.002775714272728606
2020,742,Testicular cancer,3,549243.059848694,549.243059848694,0.549243059848694,NA,NA,14.,Testicular cancer,NA,2822008116.3098,1.946284479744558e-4
2020,745,Kidney cancer,3,4248994.52724218,4248.99452724218,4.24899452724218,NA,NA,15.,Kidney cancer,NA,2822008116.3098,0.0015056634680407578
2020,750,Bladder cancer,3,4432836.44225657,4432.83644225657,4.43283644225657,NA,NA,16.,Bladder cancer,NA,2822008116.3098,0.0015708092463083238
2020,751,Brain and nervous system cancers,3,9107179.97030335,9107.179970303348,9.10717997030335,NA,NA,17.,Brain and nervous system cancers,NA,2822008116.3098,0.0032271983619282982
2020,752,Gallbladder and biliary tract cancer,3,3492928.54833144,3492.9285483314397,3.49292854833144,NA,NA,18.,Gallbladder and biliary tract cancer,NA,2822008116.3098,0.0012377457485483667
2020,753,Larynx cancer,3,3127600.75895501,3127.6007589550104,3.12760075895501,NA,NA,19.,Larynx cancer,NA,2822008116.3098,0.001108289072904871
2020,754,Thyroid cancer,3,1239817.91962991,1239.81791962991,1.23981791962991,NA,NA,20.,Thyroid cancer,NA,2822008116.3098,4.393388922109687e-4
2020,755,Mesothelioma,3,617424.99021951,617.42499021951,0.61742499021951,NA,NA,21.,Mesothelioma,NA,2822008116.3098,2.187892326216574e-4
2020,760,"Lymphomas, multiple myeloma",3,11408344.4492102,11408.3444492102,11.408344449210201,NA,NA,22.,"Lymphomas, multiple myeloma",NA,2822008116.3098,0.004042633464898863
2020,761,Hodgkin lymphoma,4,1037773.78192621,1037.77378192621,1.03777378192621,NA,NA,NA,a.,Hodgkin lymphoma,2822008116.3098,3.67743018146686e-4
2020,762,Non-Hodgkin lymphoma,4,7702205.37915853,7702.20537915853,7.7022053791585305,NA,NA,NA,b.,Non-Hodgkin lymphoma,2822008116.3098,0.002729334949337538
2020,763,Multiple myeloma,4,2668365.28812546,2668.36528812546,2.66836528812546,NA,NA,NA,c.,Multiple myeloma,2822008116.3098,9.455554974146385e-4
2020,770,Leukaemia,3,10989299.0742273,10989.2990742273,10.989299074227299,NA,NA,23.,Leukaemia,NA,2822008116.3098,0.003894141554985129
2020,780,Other malignant neoplasms,3,18090939.0639994,18090.939063999398,18.0909390639994,NA,NA,24.,Other malignant neoplasms,NA,2822008116.3098,0.006410661599250119
2020,790,Other neoplasms,2,2852969.77835418,2852.96977835418,2.85296977835418,NA,B.,Other neoplasms,NA,NA,2822008116.3098,0.0010109714999986842
2020,800,Diabetes mellitus,2,78247408.2945751,78247.4082945751,78.2474082945751,NA,C.,Diabetes mellitus,NA,NA,2822008116.3098,0.027727563164097253
2020,810,"Endocrine, blood, immune disorders",2,25403813.0541038,25403.8130541038,25.4038130541038,NA,D.,"Endocrine, blood, immune disorders",NA,NA,2822008116.3098,0.009002034015168994
2020,811,Thalassaemias,3,2793956.99330161,2793.95699330161,2.79395699330161,NA,NA,1.,Thalassaemias,NA,2822008116.3098,9.9005987160488e-4
2020,812,Sickle cell disorders and trait,3,4641012.02856102,4641.01202856102,4.64101202856102,NA,NA,2.,Sickle cell disorders and trait,NA,2822008116.3098,0.0016445778457327192
2020,813,Other haemoglobinopathies and haemolytic anaemias,3,4416264.47963413,4416.26447963413,4.416264479634131,NA,NA,3.,Other haemoglobinopathies and haemolytic anaemias,NA,2822008116.3098,0.0015649368455428329
2020,814,"Other endocrine, blood and immune disorders",3,13552579.552607,13552.579552607,13.552579552607,NA,NA,4.,"Other endocrine, blood and immune disorders",NA,2822008116.3098,0.004802459452288548
2020,820,Mental and substance use disorders,2,187640803.151887,187640.803151887,187.640803151887,NA,E.,Mental and substance use disorders,NA,NA,2822008116.3098,0.06649194311930455
2020,830,Depressive disorders,3,55630684.1754824,55630.6841754824,55.6306841754824,NA,NA,1.,Depressive disorders,NA,2822008116.3098,0.019713155271937306
2020,840,Bipolar disorder,3,8000165.21141905,8000.165211419049,8.00016521141905,NA,NA,2.,Bipolar disorder,NA,2822008116.3098,0.002834919277936191
2020,850,Schizophrenia,3,14934160.5036644,14934.1605036644,14.934160503664401,NA,NA,3.,Schizophrenia,NA,2822008116.3098,0.005292033150915618
2020,860,Alcohol use disorders,3,17291962.7825924,17291.9627825924,17.2919627825924,NA,NA,4.,Alcohol use disorders,NA,2822008116.3098,0.006127538288303806
2020,870,Drug use disorders,3,17260778.4612849,17260.7784612849,17.260778461284897,NA,NA,5.,Drug use disorders,NA,2822008116.3098,0.00611648788730486
2020,871,Opioid use disorders,4,12521982.077014,12521.982077014,12.521982077014,NA,NA,NA,a.,Opioid use disorders,2822008116.3098,0.004437259412771772
2020,872,Cocaine use disorders,4,1301662.57611757,1301.66257611757,1.30166257611757,NA,NA,NA,b.,Cocaine use disorders,2822008116.3098,4.612540157466625e-4
2020,873,Amphetamine use disorders,4,1812247.83251069,1812.24783251069,1.8122478325106899,NA,NA,NA,c.,Amphetamine use disorders,2822008116.3098,6.421837775861808e-4
2020,874,Cannabis use disorders,4,662034.205694846,662.034205694846,0.662034205694846,NA,NA,NA,d.,Cannabis use disorders,2822008116.3098,2.345968467874413e-4
2020,875,Other drug use disorders,4,962851.769947827,962.8517699478269,0.962851769947827,NA,NA,NA,e.,Other drug use disorders,2822008116.3098,3.4119383441281537e-4
2020,880,Anxiety disorders,3,40736874.7106881,40736.8747106881,40.7368747106881,NA,NA,6.,Anxiety disorders,NA,2822008116.3098,0.014435420817980384
2020,890,Eating disorders,3,3407584.20395382,3407.5842039538197,3.40758420395382,NA,NA,7.,Eating disorders,NA,2822008116.3098,0.0012075033322050642
2020,900,Austism and Asperger syndrome,3,11569242.6239932,11569.2426239932,11.5692426239932,NA,NA,8.,Austism and Asperger syndrome,NA,2822008116.3098,0.004099648954632251
2020,910,Childhood behavioural disorders,3,6021584.04671392,6021.5840467139205,6.021584046713921,NA,NA,9.,Childhood behavioural disorders,NA,2822008116.3098,0.0021337940213255117
2020,911,Attention deficit/hyperactivity syndrome,4,1035302.94648641,1035.30294648641,1.03530294648641,NA,NA,NA,a.,Attention deficit/hyperactivity syndrome,2822008116.3098,3.668674588506231e-4
2020,912,Conduct disorder,4,4986281.10022751,4986.281100227509,4.98628110022751,NA,NA,NA,b.,Conduct disorder,2822008116.3098,0.001766926562474888
2020,920,Idiopathic intellectual disability,3,3901034.18199805,3901.03418199805,3.9010341819980496,NA,NA,10.,Idiopathic intellectual disability,NA,2822008116.3098,0.0013823610780748705
2020,930,Other mental and behavioural disorders,3,8886732.25009696,8886.73225009696,8.88673225009696,NA,NA,11.,Other mental and behavioural disorders,NA,2822008116.3098,0.003149081038688754
2020,940,Neurological conditions,2,110030431.64207,110030.43164206999,110.03043164207,NA,F.,Neurological conditions,NA,NA,2822008116.3098,0.038990118776111575
2020,950,Alzheimer disease and other dementias,3,32652864.5561403,32652.8645561403,32.6528645561403,NA,NA,1.,Alzheimer disease and other dementias,NA,2822008116.3098,0.01157079044791651
2020,960,Parkinson disease,3,6867205.68438053,6867.20568438053,6.86720568438053,NA,NA,2.,Parkinson disease,NA,2822008116.3098,0.002433446468382392
2020,970,Epilepsy,3,14148719.717968,14148.719717968,14.148719717968,NA,NA,3.,Epilepsy,NA,2822008116.3098,0.005013706245632482
2020,980,Multiple sclerosis,3,986277.41212979,986.27741212979,0.98627741212979,NA,NA,4.,Multiple sclerosis,NA,2822008116.3098,3.494948885616587e-4
2020,990,Migraine,3,43145771.298965,43145.771298965,43.145771298965,NA,NA,5.,Migraine,NA,2822008116.3098,0.015289031611781677
2020,1000,Non-migrane headache,3,4571374.85427798,4571.3748542779795,4.5713748542779795,NA,NA,6.,Non-migrane headache,NA,2822008116.3098,0.0016199013843573701
2020,1010,Other neurological conditions,3,7658218.11820803,7658.21811820803,7.658218118208031,NA,NA,7.,Other neurological conditions,NA,2822008116.3098,0.0027137477294793544
2020,1020,Sense organ diseases,2,75913696.9591627,75913.6969591627,75.91369695916269,NA,G.,Sense organ diseases,NA,NA,2822008116.3098,0.02690059483543629
2020,1030,Glaucoma,3,742868.585808867,742.868585808867,0.742868585808867,NA,NA,1.,Glaucoma,NA,2822008116.3098,2.6324112305540755e-4
2020,1040,Cataracts,3,6481994.45168507,6481.99445168507,6.48199445168507,NA,NA,2.,Cataracts,NA,2822008116.3098,0.0022969439436486285
2020,1050,Uncorrected refractive errors,3,18112784.2406021,18112.784240602097,18.1127842406021,NA,NA,3.,Uncorrected refractive errors,NA,2822008116.3098,0.0064184026034224476
2020,1060,Macular degeneration,3,560302.17542517,560.3021754251699,0.56030217542517,NA,NA,4.,Macular degeneration,NA,2822008116.3098,1.9854732953704233e-4
2020,1070,Other vision loss,3,2968582.06290271,2968.58206290271,2.9685820629027098,NA,NA,5.,Other vision loss,NA,2822008116.3098,0.0010519395907282426
2020,1080,Other hearing loss,3,43390448.933496,43390.448933496,43.390448933495996,NA,NA,6.,Other hearing loss,NA,2822008116.3098,0.015375734989109647
2020,1090,Other sense organ disorders,3,3656716.50924276,3656.71650924276,3.65671650924276,NA,NA,7.,Other sense organ disorders,NA,2822008116.3098,0.0012957852559348647
2020,1100,Cardiovascular diseases,2,431232656.759338,431232.65675933805,431.232656759338,NA,H.,Cardiovascular diseases,NA,NA,2822008116.3098,0.15281056573403465
2020,1110,Rheumatic heart disease,3,13727558.950468,13727.558950468,13.727558950468,NA,NA,1.,Rheumatic heart disease,NA,2822008116.3098,0.0048644647303207784
2020,1120,Hypertensive heart disease,3,26602096.3647932,26602.0963647932,26.6020963647932,NA,NA,2.,Hypertensive heart disease,NA,2822008116.3098,0.009426654803381444
2020,1130,Ischaemic heart disease,3,191590827.692306,191590.82769230602,191.59082769230602,NA,NA,3.,Ischaemic heart disease,NA,2822008116.3098,0.06789166430280853
2020,1140,Stroke,3,158465456.250556,158465.456250556,158.465456250556,NA,NA,4.,Stroke,NA,2822008116.3098,0.05615343745282115
2020,1141,Ischaemic stroke,4,67579910.8009499,67579.9108009499,67.5799108009499,NA,NA,NA,a.,Ischaemic stroke,2822008116.3098,0.023947454442236258
2020,1142,Haemorrhagic stroke,4,90885545.4323443,90885.5454323443,90.8855454323443,NA,NA,NA,b.,Haemorrhagic stroke,2822008116.3098,0.032205983004468045
2020,1150,"Cardiomyopathy, myocarditis, endocarditis",3,13192712.6466718,13192.7126466718,13.1927126466718,NA,NA,5.,"Cardiomyopathy, myocarditis, endocarditis",NA,2822008116.3098,0.004674937882150124
2020,1160,Other circulatory diseases,3,27654004.8545425,27654.0048545425,27.654004854542503,NA,NA,6.,Other circulatory diseases,NA,2822008116.3098,0.009799406562552439
2020,1170,Respiratory diseases,2,108779698.002966,108779.698002966,108.779698002966,NA,I.,Respiratory diseases,NA,NA,2822008116.3098,0.03854691181583553
2020,1180,Chronic obstructive pulmonary disease,3,77880765.6754545,77880.7656754545,77.8807656754545,NA,NA,1.,Chronic obstructive pulmonary disease,NA,2822008116.3098,0.027597640568552052
2020,1190,Asthma,3,21917023.4918889,21917.0234918889,21.917023491888898,NA,NA,2.,Asthma,NA,2822008116.3098,0.007766463662956683
2020,1200,Other respiratory diseases,3,8981908.8356225,8981.9088356225,8.9819088356225,NA,NA,3.,Other respiratory diseases,NA,2822008116.3098,0.003182807584326758
2020,1210,Digestive diseases,2,91891851.8300731,91891.85183007311,91.89185183007311,NA,J.,Digestive diseases,NA,NA,2822008116.3098,0.032562575316131805
2020,1220,Peptic ulcer disease,3,6251616.43852857,6251.61643852857,6.25161643852857,NA,NA,1.,Peptic ulcer disease,NA,2822008116.3098,0.0022153077457138922
2020,1230,Cirrhosis of the liver,3,45531656.705524,45531.656705524,45.531656705524,NA,NA,2.,Cirrhosis of the liver,NA,2822008116.3098,0.016134488218646048
2020,1231,Cirrhosis due to hepatitis B,4,11468092.505499,11468.092505499,11.468092505499,NA,NA,NA,a.,Cirrhosis due to hepatitis B,2822008116.3098,0.004063805642237222
2020,1232,Cirrhosis due to hepatitis C,4,10643958.408684,10643.958408684,10.643958408684,NA,NA,NA,b.,Cirrhosis due to hepatitis C,2822008116.3098,0.0037717674684091896
2020,1233,Cirrhosis due to alcohol use,4,13030359.8257044,13030.3598257044,13.0303598257044,NA,NA,NA,c.,Cirrhosis due to alcohol use,2822008116.3098,0.004617406927497981
2020,1234,Other liver cirrhosis,4,10389245.9656364,10389.2459656364,10.3892459656364,NA,NA,NA,d.,Other liver cirrhosis,2822008116.3098,0.003681508180501586
2020,1240,Appendicitis,3,1336145.18452638,1336.1451845263798,1.3361451845263799,NA,NA,3.,Appendicitis,NA,2822008116.3098,4.7347318981973396e-4
2020,1241,Gastritis and duodenitis,3,2837309.46376342,2837.30946376342,2.83730946376342,NA,NA,4.,Gastritis and duodenitis,NA,2822008116.3098,0.0010054221486342247
2020,1242,Paralytic ileus and intestinal obstruction,3,6583152.12270436,6583.1521227043595,6.58315212270436,NA,NA,5.,Paralytic ileus and intestinal obstruction,NA,2822008116.3098,0.00233278993233826
2020,1244,Inflammatory bowel disease,3,1268738.06612525,1268.73806612525,1.2687380661252499,NA,NA,6.,Inflammatory bowel disease,NA,2822008116.3098,4.4958696567617095e-4
2020,1246,Gallbladder and biliary diseases,3,7517882.47208165,7517.88247208165,7.51788247208165,NA,NA,7.,Gallbladder and biliary diseases,NA,2822008116.3098,0.0026640187278810564
2020,1248,Pancreatitis,3,4064895.33152111,4064.89533152111,4.06489533152111,NA,NA,8.,Pancreatitis,NA,2822008116.3098,0.0014404265204015685
2020,1250,Other digestive diseases,3,16500456.0452984,16500.4560452984,16.5004560452984,NA,NA,9.,Other digestive diseases,NA,2822008116.3098,0.005847061867020859
2020,1260,Genitourinary diseases,2,81107767.636049,81107.767636049,81.107767636049,NA,K.,Genitourinary diseases,NA,NA,2822008116.3098,0.028741153211887145
2020,1270,Kidney diseases,3,42561491.9849131,42561.491984913104,42.561491984913104,NA,NA,1.,Kidney diseases,NA,2822008116.3098,0.015081987801143766
2020,1271,Acute glomerulonephritis,4,319117.43494363,319.11743494363003,0.31911743494363,NA,NA,NA,a.,Acute glomerulonephritis,2822008116.3098,1.1308168573268458e-4
2020,1272,Chronic kidney disease due to diabetes,4,14848506.2800321,14848.5062800321,14.8485062800321,NA,NA,NA,b.,Chronic kidney disease due to diabetes,2822008116.3098,0.005261680926505893
2020,1273,Other chronic kidney disease,4,27393868.2699374,27393.8682699374,27.3938682699374,NA,NA,NA,c.,Other chronic kidney disease,2822008116.3098,0.009707225188905197
2020,1280,Benign prostatic hyperplasia,3,2234003.05114055,2234.0030511405503,2.23400305114055,NA,NA,2.,Benign prostatic hyperplasia,NA,2822008116.3098,7.916359411686756e-4
2020,1290,Urolithiasis,3,585226.443639472,585.226443639472,0.585226443639472,NA,NA,3.,Urolithiasis,NA,2822008116.3098,2.0737943319764209e-4
2020,1300,Other urinary diseases,3,7970507.39317152,7970.50739317152,7.97050739317152,NA,NA,4.,Other urinary diseases,NA,2822008116.3098,0.0028244098048853796
2020,1310,Infertility,3,907813.065351271,907.813065351271,0.9078130653512709,NA,NA,5.,Infertility,NA,2822008116.3098,3.2169045159883273e-4
2020,1320,Gynecological diseases,3,26848725.697833,26848.725697833,26.848725697833,NA,NA,6.,Gynecological diseases,NA,2822008116.3098,0.009514049779892819
2020,1330,Skin diseases,2,41096132.0728228,41096.1320728228,41.096132072822805,NA,L.,Skin diseases,NA,NA,2822008116.3098,0.014562726391645596
2020,1340,Musculoskeletal diseases,2,160338556.227808,160338.556227808,160.338556227808,NA,M.,Musculoskeletal diseases,NA,NA,2822008116.3098,0.0568171846498708
2020,1350,Rheumatoid arthritis,3,3020318.61950534,3020.31861950534,3.02031861950534,NA,NA,1.,Rheumatoid arthritis,NA,2822008116.3098,0.001070272832331489
2020,1360,Osteoarthritis,3,20796060.2310725,20796.0602310725,20.7960602310725,NA,NA,2.,Osteoarthritis,NA,2822008116.3098,0.00736924182141137
2020,1370,Gout,3,1790321.50171047,1790.32150171047,1.79032150171047,NA,NA,3.,Gout,NA,2822008116.3098,6.344140158078583e-4
2020,1380,Back and neck pain,3,89761670.6772293,89761.6706772293,89.7616706772293,NA,NA,4.,Back and neck pain,NA,2822008116.3098,0.03180772945281468
2020,1390,Other musculoskeletal disorders,3,44970185.1982901,44970.1851982901,44.9701851982901,NA,NA,5.,Other musculoskeletal disorders,NA,2822008116.3098,0.01593552652750531
2020,1400,Congenital anomalies,2,54215783.5904576,54215.783590457606,54.215783590457605,NA,N.,Congenital anomalies,NA,NA,2822008116.3098,0.01921177450805949
2020,1410,Neural tube defects,3,5121424.20181751,5121.42420181751,5.12142420181751,NA,NA,1.,Neural tube defects,NA,2822008116.3098,0.0018148155464962098
2020,1420,Cleft lip and cleft palate,3,398794.800417395,398.79480041739504,0.398794800417395,NA,NA,2.,Cleft lip and cleft palate,NA,2822008116.3098,1.4131596507910798e-4
2020,1430,Down syndrome,3,2198953.2868767,2198.9532868767,2.1989532868767,NA,NA,3.,Down syndrome,NA,2822008116.3098,7.792157911126641e-4
2020,1440,Congenital heart anomalies,3,23486306.5037817,23486.3065037817,23.486306503781698,NA,NA,4.,Congenital heart anomalies,NA,2822008116.3098,0.008322551011828263
2020,1450,Other chromosomal anomalies,3,2213397.25996645,2213.39725996645,2.2133972599664498,NA,NA,5.,Other chromosomal anomalies,NA,2822008116.3098,7.843341226320778e-4
2020,1460,Other congenital anomalies,3,20796907.5375979,20796.907537597897,20.7969075375979,NA,NA,6.,Other congenital anomalies,NA,2822008116.3098,0.0073695420709111855
2020,1470,Oral conditions,2,22880004.8307561,22880.0048307561,22.880004830756103,NA,O.,Oral conditions,NA,NA,2822008116.3098,0.008107703411099733
2020,1480,Dental caries,3,2398695.36407557,2398.69536407557,2.3986953640755697,NA,NA,1.,Dental caries,NA,2822008116.3098,8.499959125603879e-4
2020,1490,Periodontal disease,3,6803913.43944018,6803.91343944018,6.80391343944018,NA,NA,2.,Periodontal disease,NA,2822008116.3098,0.002411018380888755
2020,1500,Edentulism,3,9321386.00985753,9321.38600985753,9.32138600985753,NA,NA,3.,Edentulism,NA,2822008116.3098,0.0033031038982434405
2020,1502,Other oral disorders,3,4356010.01738285,4356.01001738285,4.35601001738285,NA,NA,4.,Other oral disorders,NA,2822008116.3098,0.0015435852194071603
2020,1505,Sudden infant death syndrome,2,2536316.33367163,2536.3163336716298,2.5363163336716297,NA,P.,Sudden infant death syndrome,NA,NA,2822008116.3098,8.987629479210162e-4
2020,1510,Injuries,1,263613434.714002,263613.434714002,263.61343471400204,III.,Injuries,NA,NA,NA,2822008116.3098,0.09341342187871388
2020,1520,Unintentional injuries,2,186481786.293028,186481.786293028,186.481786293028,NA,A.,Unintentional injuries,NA,NA,2822008116.3098,0.06608123669639936
2020,1530,Road injury,3,64877029.311313,64877.029311313,64.87702931131301,NA,NA,1.,Road injury,NA,2822008116.3098,0.022989667866777603
2020,1540,Poisonings,3,3303955.62407885,3303.9556240788497,3.3039556240788497,NA,NA,2.,Poisonings,NA,2822008116.3098,0.0011707817582038951
2020,1550,Falls,3,43455881.3829437,43455.8813829437,43.455881382943694,NA,NA,3.,Falls,NA,2822008116.3098,0.015398921474318364
2020,1560,"Fire, heat and hot substances",3,9234656.78198741,9234.65678198741,9.23465678198741,NA,NA,4.,"Fire, heat and hot substances",NA,2822008116.3098,0.003272370737920879
2020,1570,Drowning,3,19376806.6976098,19376.8066976098,19.3768066976098,NA,NA,5.,Drowning,NA,2822008116.3098,0.006866318557208081
2020,1575,Exposure to mechanical forces,3,10683997.0236495,10683.997023649501,10.6839970236495,NA,NA,6.,Exposure to mechanical forces,NA,2822008116.3098,0.003785955455585448
2020,1580,Natural disasters,3,1104283.64928853,1104.28364928853,1.10428364928853,NA,NA,7.,Natural disasters,NA,2822008116.3098,3.9131129457293937e-4
2020,1590,Other unintentional injuries,3,34445175.8221573,34445.175822157304,34.4451758221573,NA,NA,8.,Other unintentional injuries,NA,2822008116.3098,0.012205909551812185
2020,1600,Intentional injuries,2,77131648.4209743,77131.64842097429,77.1316484209743,NA,B.,Intentional injuries,NA,NA,2822008116.3098,0.027332185182314617
2020,1610,Self-harm,3,33563043.1636506,33563.043163650604,33.563043163650605,NA,NA,1.,Self-harm,NA,2822008116.3098,0.011893319147338006
2020,1620,Interpersonal violence,3,33167228.1856159,33167.2281856159,33.1672281856159,NA,NA,2.,Interpersonal violence,NA,2822008116.3098,0.011753059104942277
2020,1630,Collective violence and legal intervention,3,10401377.0717077,10401.377071707699,10.4013770717077,NA,NA,3.,Collective violence and legal intervention,NA,2822008116.3098,0.003685806930034299
2020,1700,Other COVID-19 pandemic-related outcomes,2,22578360.1285272,22578.3601285272,22.5783601285272,NA,C.,Other COVID-19 pandemic-related outcomes,NA,NA,2822008116.3098,0.008000813320853166
2021,0,All Causes,0,3013734614.04409,3013734.61404409,3013.73461404409,NA,All Causes,NA,NA,NA,3013734614.04409,1
2021,10,"Communicable, maternal, perinatal and nutritional conditions",1,928759077.469129,928759.077469129,928.759077469129,I.,"Communicable, maternal, perinatal and nutritional conditions",NA,NA,NA,3013734614.04409,0.3081754687825149
2021,20,Infectious and parasitic diseases,2,304880090.842236,304880.090842236,304.880090842236,NA,A.,Infectious and parasitic diseases,NA,NA,3013734614.04409,0.10116354951145533
2021,30,Tuberculosis,3,60636419.4533671,60636.419453367096,60.6364194533671,NA,NA,1.,Tuberculosis,NA,3013734614.04409,0.020120026219561486
2021,40,STDs excluding HIV,3,7431627.03445672,7431.627034456719,7.43162703445672,NA,NA,2.,STDs excluding HIV,NA,3013734614.04409,0.002465919527162453
2021,50,Syphilis,4,6142747.7029425,6142.7477029425,6.1427477029425,NA,NA,NA,a.,Syphilis,3013734614.04409,0.0020382510372071645
2021,60,Chlamydia,4,162830.320658507,162.830320658507,0.162830320658507,NA,NA,NA,b.,Chlamydia,3013734614.04409,5.402941582835895e-5
2021,70,Gonorrhoea,4,72508.1526269733,72.5081526269733,0.0725081526269733,NA,NA,NA,c.,Gonorrhoea,3013734614.04409,2.4059236101640545e-5
2021,80,Trichomoniasis,4,274137.601049199,274.137601049199,0.274137601049199,NA,NA,NA,d.,Trichomoniasis,3013734614.04409,9.096275424243061e-5
2021,85,Gential Herpes,4,260853.610867176,260.853610867176,0.260853610867176,NA,NA,NA,e.,Gential Herpes,3013734614.04409,8.655493740277949e-5
2021,90,Other STDs,4,518549.646312372,518.549646312372,0.518549646312372,NA,NA,NA,f.,Other STDs,3013734614.04409,1.720621463800813e-4
2021,100,HIV/AIDS,3,40293958.276369,40293.958276369,40.293958276369,NA,NA,3.,HIV/AIDS,NA,3013734614.04409,0.013370108332896332
2021,110,Diarrhoeal diseases,3,69743440.6443155,69743.4406443155,69.7434406443155,NA,NA,4.,Diarrhoeal diseases,NA,3013734614.04409,0.023141865351816004
2021,120,Childhood-cluster diseases,3,14278106.8894741,14278.1068894741,14.278106889474099,NA,NA,5.,Childhood-cluster diseases,NA,3013734614.04409,0.004737678899441813
2021,130,Whooping cough,4,5297451.57741666,5297.45157741666,5.29745157741666,NA,NA,NA,a.,Whooping cough,3013734614.04409,0.0017577697627157959
2021,140,Diphtheria,4,343522.237709471,343.522237709471,0.34352223770947105,NA,NA,NA,b.,Diphtheria,3013734614.04409,1.1398556333017763e-4
2021,150,Measles,4,7251285.99657386,7251.28599657386,7.25128599657386,NA,NA,NA,c.,Measles,3013734614.04409,0.0024060798063580842
2021,160,Tetanus,4,1385847.07777414,1385.84707777414,1.38584707777414,NA,NA,NA,d.,Tetanus,3013734614.04409,4.598437670377653e-4
2021,170,Meningitis,3,15280425.5643489,15280.425564348901,15.280425564348901,NA,NA,6.,Meningitis,NA,3013734614.04409,0.005070262488654999
2021,180,Encephalitis,3,4536232.95182299,4536.23295182299,4.536232951822989,NA,NA,7.,Encephalitis,NA,3013734614.04409,0.0015051865982771057
2021,185,Hepatitis,3,4697742.56584349,4697.7425658434895,4.69774256584349,NA,NA,8.,Hepatitis,NA,3013734614.04409,0.0015587777848626336
2021,186,Acute hepatitis A,4,1867369.13744294,1867.36913744294,1.86736913744294,NA,NA,NA,a.,Acute hepatitis A,3013734614.04409,6.196196336402503e-4
2021,190,Acute hepatitis B,4,2050820.80106174,2050.82080106174,2.05082080106174,NA,NA,NA,b.,Acute hepatitis B,3013734614.04409,6.804915042966478e-4
2021,200,Acute hepatitis C,4,547643.543469709,547.643543469709,0.547643543469709,NA,NA,NA,c.,Acute hepatitis C,3013734614.04409,1.8171591516972808e-4
2021,205,Acute hepatitis E,4,231909.083869106,231.90908386910598,0.231909083869106,NA,NA,NA,d.,Acute hepatitis E,3013734614.04409,7.695073175600898e-5
2021,210,Parasitic and vector diseases,3,64360853.319493,64360.853319493006,64.360853319493,NA,NA,9.,Parasitic and vector diseases,NA,3013734614.04409,0.021355846337487574
2021,220,Malaria,4,52059167.6292827,52059.167629282696,52.0591676292827,NA,NA,NA,a.,Malaria,3013734614.04409,0.017273972096509587
2021,230,Trypanosomiasis,4,69125.5774641686,69.1255774641686,0.0691255774641686,NA,NA,NA,b.,Trypanosomiasis,3013734614.04409,2.2936849562679285e-5
2021,240,Chagas disease,4,203083.823128033,203.083823128033,0.203083823128033,NA,NA,NA,c.,Chagas disease,3013734614.04409,6.73861003492665e-5
2021,250,Schistosomiasis,4,1862111.17009268,1862.11117009268,1.86211117009268,NA,NA,NA,d.,Schistosomiasis,3013734614.04409,6.178749653055676e-4
2021,260,Leishmaniasis,4,875127.312373618,875.127312373618,0.875127312373618,NA,NA,NA,e.,Leishmaniasis,3013734614.04409,2.903796864845032e-4
2021,270,lymphatic filariasis,4,1322716.14202151,1322.71614202151,1.3227161420215101,NA,NA,NA,f.,lymphatic filariasis,3013734614.04409,4.388960248382903e-4
2021,280,Onchocerciasis,4,1307567.88480748,1307.5678848074801,1.30756788480748,NA,NA,NA,g.,Onchocerciasis,3013734614.04409,4.3386961768769426e-4
2021,285,Cysticercosis,4,1109818.89238828,1109.8188923882801,1.10981889238828,NA,NA,NA,h.,Cysticercosis,3013734614.04409,3.682536900284757e-4
2021,295,Echinococcosis,4,569091.470238154,569.0914702381541,0.5690914702381541,NA,NA,NA,i.,Echinococcosis,3013734614.04409,1.888326422592658e-4
2021,300,Dengue,4,1755926.47983681,1755.92647983681,1.75592647983681,NA,NA,NA,j.,Dengue,3013734614.04409,5.826413751410433e-4
2021,310,Trachoma,4,134212.464763978,134.212464763978,0.134212464763978,NA,NA,NA,k.,Trachoma,3013734614.04409,4.453360429897977e-5
2021,315,Yellow fever,4,495491.189359227,495.491189359227,0.49549118935922704,NA,NA,NA,l.,Yellow fever,3013734614.04409,1.644110224736524e-4
2021,320,Rabies,4,2597413.28373643,2597.41328373643,2.5974132837364303,NA,NA,NA,m.,Rabies,3013734614.04409,8.6185866254859e-4
2021,330,Intestinal nematode infections,3,2307106.85753125,2307.10685753125,2.30710685753125,NA,NA,10.,Intestinal nematode infections,NA,3013734614.04409,7.65530862200031e-4
2021,340,Ascariasis,4,683884.475394899,683.884475394899,0.683884475394899,NA,NA,NA,a.,Ascariasis,3013734614.04409,2.269225937174354e-4
2021,350,Trichuriasis,4,194423.444197815,194.423444197815,0.194423444197815,NA,NA,NA,b.,Trichuriasis,3013734614.04409,6.451246347033882e-5
2021,360,Hookworm disease,4,534938.273385983,534.9382733859829,0.534938273385983,NA,NA,NA,c.,Hookworm disease,3013734614.04409,1.7750012588804443e-4
2021,362,Food-borne trematodes,4,893860.664552553,893.860664552553,0.893860664552553,NA,NA,NA,d.,Food-borne trematodes,3013734614.04409,2.965956791242124e-4
2021,365,Leprosy,3,28342.3121800177,28.3423121800177,0.0283423121800177,NA,NA,11.,Leprosy,NA,3013734614.04409,9.404382206695213e-6
2021,370,Other infectious diseases,3,21285834.9730339,21285.8349730339,21.2858349730339,NA,NA,12.,Other infectious diseases,NA,3013734614.04409,0.007062942726888194
2021,380,Respiratory Infectious,2,357031669.01543,357031.66901543,357.03166901543,NA,B.,Respiratory Infectious,NA,NA,3013734614.04409,0.11846818474050506
2021,390,Lower respiratory infections,3,105642422.886745,105642.422886745,105.64242288674501,NA,NA,1.,Lower respiratory infections,NA,3013734614.04409,0.03505365814045082
2021,395,COVID-19,3,243062573.092728,243062.57309272798,243.062573092728,NA,NA,2.,COVID-19,NA,3013734614.04409,0.08065161808211295
2021,400,Upper respiratory infections,3,5819069.52972886,5819.069529728859,5.81906952972886,NA,NA,3.,Upper respiratory infections,NA,3013734614.04409,0.0019308500166576807
2021,410,Otitis media,3,2507603.50622807,2507.60350622807,2.5076035062280697,NA,NA,4.,Otitis media,NA,3013734614.04409,8.320585012836118e-4
2021,420,Maternal conditions,2,16760569.0474642,16760.5690474642,16.760569047464198,NA,C.,Maternal conditions,NA,NA,3013734614.04409,0.005561395143872147
2021,490,Neonatal conditions,2,200323466.873907,200323.466873907,200.323466873907,NA,D.,Neonatal conditions,NA,NA,3013734614.04409,0.06647017489210692
2021,500,Preterm birth complications,3,100480167.380536,100480.167380536,100.480167380536,NA,NA,1.,Preterm birth complications,NA,3013734614.04409,0.03334074835663882
2021,510,Birth asphyxia and birth trauma,3,59259435.433268,59259.435433268,59.259435433268,NA,NA,2.,Birth asphyxia and birth trauma,NA,3013734614.04409,0.019663123341092256
2021,520,Neonatal sepsis and infections,3,18529509.686978,18529.509686978003,18.529509686978002,NA,NA,3.,Neonatal sepsis and infections,NA,3013734614.04409,0.006148354802254304
2021,530,Other neonatal conditions,3,22054354.3731257,22054.354373125698,22.054354373125697,NA,NA,4.,Other neonatal conditions,NA,3013734614.04409,0.00731794839212178
2021,540,Nutritional deficiencies,2,49763281.6900912,49763.2816900912,49.7632816900912,NA,E.,Nutritional deficiencies,NA,NA,3013734614.04409,0.016512164494575227
2021,550,Protein-energy malnutrition,3,12054706.3782907,12054.706378290699,12.0547063782907,NA,NA,1.,Protein-energy malnutrition,NA,3013734614.04409,0.00399992299325741
2021,560,Iodine deficiency,3,2268587.66222088,2268.58766222088,2.26858766222088,NA,NA,2.,Iodine deficiency,NA,3013734614.04409,7.527496454562377e-4
2021,570,Vitamin A deficiency,3,1112952.92488013,1112.95292488013,1.11295292488013,NA,NA,3.,Vitamin A deficiency,NA,3013734614.04409,3.6929360657495766e-4
2021,580,Iron-deficiency anaemia,3,32811531.4797516,32811.531479751604,32.8115314797516,NA,NA,4.,Iron-deficiency anaemia,NA,3013734614.04409,0.010887332722280497
2021,590,Other nutritional deficiencies,3,1515503.24494783,1515.50324494783,1.51550324494783,NA,NA,5.,Other nutritional deficiencies,NA,3013734614.04409,5.028655270061077e-4
2021,600,Noncommunicable diseases,1,1766130213.23606,1766130.21323606,1766.13021323606,II.,Noncommunicable diseases,NA,NA,NA,3013734614.04409,0.5860271189791704
2021,610,Malignant neoplasms,2,270192214.498083,270192.214498083,270.192214498083,NA,A.,Malignant neoplasms,NA,NA,3013734614.04409,0.08965361888169567
2021,620,Mouth and oropharynx cancers,3,12865572.7801423,12865.5727801423,12.8655727801423,NA,NA,1.,Mouth and oropharynx cancers,NA,3013734614.04409,0.004268979995845806
2021,621,Lip and oral cavity,4,6423203.36281735,6423.203362817349,6.4232033628173495,NA,NA,NA,a.,Lip and oral cavity,3013734614.04409,0.002131310213210227
2021,622,Nasopharynx,4,2973823.02876274,2973.8230287627403,2.97382302876274,NA,NA,NA,b.,Nasopharynx,3013734614.04409,9.86756768464164e-4
2021,623,Other pharynx,4,3468546.38856218,3468.5463885621803,3.46854638856218,NA,NA,NA,c.,Other pharynx,3013734614.04409,0.0011509130141714053
2021,630,Oesophagus cancer,3,13663658.4093378,13663.6584093378,13.6636584093378,NA,NA,2.,Oesophagus cancer,NA,3013734614.04409,0.004533796156325365
2021,640,Stomach cancer,3,22029429.9558806,22029.4299558806,22.0294299558806,NA,NA,3.,Stomach cancer,NA,3013734614.04409,0.007309678116056677
2021,650,Colon and rectum cancers,3,24047739.4885504,24047.7394885504,24.0477394885504,NA,NA,4.,Colon and rectum cancers,NA,3013734614.04409,0.007979381919193297
2021,660,Liver cancer,3,17114941.9787328,17114.941978732797,17.114941978732798,NA,NA,5.,Liver cancer,NA,3013734614.04409,0.00567898112162122
2021,661,Liver cancer secondary to hepatitis B,4,8365352.01067603,8365.35201067603,8.36535201067603,NA,NA,NA,a.,Liver cancer secondary to hepatitis B,3013734614.04409,0.0027757427517649527
2021,662,Liver cancer secondary to hepatitis C,4,3224284.93734368,3224.2849373436798,3.22428493734368,NA,NA,NA,b.,Liver cancer secondary to hepatitis C,3013734614.04409,0.0010698635912792121
2021,663,Liver cancer secondary to alcohol use,4,3289293.48236222,3289.29348236222,3.28929348236222,NA,NA,NA,c.,Liver cancer secondary to alcohol use,3013734614.04409,0.0010914343509325665
2021,664,Other liver cancer,4,2236011.54835084,2236.01154835084,2.23601154835084,NA,NA,NA,d.,Other liver cancer,3013734614.04409,7.419404276444787e-4
2021,670,Pancreas cancer,3,11315907.9342145,11315.907934214501,11.3159079342145,NA,NA,6.,Pancreas cancer,NA,3013734614.04409,0.0037547791638593672
2021,680,"Trachea, bronchus, lung cancers",3,45648000.743145,45648.000743145,45.648000743145,NA,NA,7.,"Trachea, bronchus, lung cancers",NA,3013734614.04409,0.015146655757419384
2021,690,Melanoma and other skin cancers,3,3305492.51434468,3305.4925143446803,3.3054925143446803,NA,NA,8.,Melanoma and other skin cancers,NA,3013734614.04409,0.001096809420093259
2021,691,Malignant skin melanoma,4,1678369.04404646,1678.36904404646,1.67836904404646,NA,NA,NA,a.,Malignant skin melanoma,3013734614.04409,5.569067150854e-4
2021,692,Non-melanoma skin cancer,4,1627123.47029823,1627.12347029823,1.62712347029823,NA,NA,NA,b.,Non-melanoma skin cancer,3013734614.04409,5.399027050078623e-4
2021,700,Breast cancer,3,22944584.378482,22944.584378482,22.944584378482,NA,NA,9.,Breast cancer,NA,3013734614.04409,0.007613339366896998
2021,710,Cervix uteri cancer,3,11975846.788796,11975.846788796,11.975846788796,NA,NA,10.,Cervix uteri cancer,NA,3013734614.04409,0.003973756260086144
2021,720,Corpus uteri cancer,3,2690363.82006036,2690.3638200603596,2.6903638200603597,NA,NA,11.,Corpus uteri cancer,NA,3013734614.04409,8.927009722499078e-4
2021,730,Ovary cancer,3,5841287.03389129,5841.287033891291,5.84128703389129,NA,NA,12.,Ovary cancer,NA,3013734614.04409,0.0019382221004698706
2021,740,Prostate cancer,3,7776910.89471013,7776.91089471013,7.77691089471013,NA,NA,13.,Prostate cancer,NA,3013734614.04409,0.0025804896219028383
2021,742,Testicular cancer,3,559673.426378508,559.673426378508,0.559673426378508,NA,NA,14.,Testicular cancer,NA,3013734614.04409,1.8570760138282043e-4
2021,745,Kidney cancer,3,4301532.64303708,4301.53264303708,4.3015326430370795,NA,NA,15.,Kidney cancer,NA,3013734614.04409,0.0014273096984027108
2021,750,Bladder cancer,3,4498772.9903828,4498.772990382799,4.4987729903827995,NA,NA,16.,Bladder cancer,NA,3013734614.04409,0.0014927568503936572
2021,751,Brain and nervous system cancers,3,9276898.36738645,9276.89836738645,9.27689836738645,NA,NA,17.,Brain and nervous system cancers,NA,3013734614.04409,0.003078206795036244
2021,752,Gallbladder and biliary tract cancer,3,3733829.55347988,3733.82955347988,3.73382955347988,NA,NA,18.,Gallbladder and biliary tract cancer,NA,3013734614.04409,0.0012389377405960455
2021,753,Larynx cancer,3,3254855.07858775,3254.85507858775,3.25485507858775,NA,NA,19.,Larynx cancer,NA,3013734614.04409,0.0010800071988489072
2021,754,Thyroid cancer,3,1339238.19072704,1339.2381907270399,1.3392381907270399,NA,NA,20.,Thyroid cancer,NA,3013734614.04409,4.4437827554096883e-4
2021,755,Mesothelioma,3,634965.625145651,634.9656251456511,0.634965625145651,NA,NA,21.,Mesothelioma,NA,3013734614.04409,2.1069062358267812e-4
2021,760,"Lymphomas, multiple myeloma",3,11721722.2270314,11721.7222270314,11.7217222270314,NA,NA,22.,"Lymphomas, multiple myeloma",NA,3013734614.04409,0.003889434116862128
2021,761,Hodgkin lymphoma,4,1058082.71833601,1058.08271833601,1.05808271833601,NA,NA,NA,a.,Hodgkin lymphoma,3013734614.04409,3.5108689179376114e-4
2021,762,Non-Hodgkin lymphoma,4,7900637.38285526,7900.63738285526,7.90063738285526,NA,NA,NA,b.,Non-Hodgkin lymphoma,3013734614.04409,0.002621543830049953
2021,763,Multiple myeloma,4,2763002.12584013,2763.00212584013,2.7630021258401296,NA,NA,NA,c.,Multiple myeloma,3013734614.04409,9.168033950184136e-4
2021,770,Leukaemia,3,11075658.570882,11075.658570882,11.075658570882,NA,NA,23.,Leukaemia,NA,3013734614.04409,0.003675061008779311
2021,780,Other malignant neoplasms,3,18575331.104757,18575.331104757,18.575331104756998,NA,NA,24.,Other malignant neoplasms,NA,3013734614.04409,0.006163559000250196
2021,790,Other neoplasms,2,2956861.74022867,2956.86174022867,2.9568617402286703,NA,B.,Other neoplasms,NA,NA,3013734614.04409,9.811287717404213e-4
2021,800,Diabetes mellitus,2,80534041.3744431,80534.0413744431,80.53404137444309,NA,C.,Diabetes mellitus,NA,NA,3013734614.04409,0.02672234011553378
2021,810,"Endocrine, blood, immune disorders",2,26023977.1819438,26023.9771819438,26.0239771819438,NA,D.,"Endocrine, blood, immune disorders",NA,NA,3013734614.04409,0.008635125687799889
2021,811,Thalassaemias,3,2785478.08873383,2785.47808873383,2.78547808873383,NA,NA,1.,Thalassaemias,NA,3013734614.04409,9.242612391129007e-4
2021,812,Sickle cell disorders and trait,3,4744253.31319088,4744.25331319088,4.74425331319088,NA,NA,2.,Sickle cell disorders and trait,NA,3013734614.04409,0.0015742107122115278
2021,813,Other haemoglobinopathies and haemolytic anaemias,3,4503013.8275569,4503.0138275569,4.5030138275569,NA,NA,3.,Other haemoglobinopathies and haemolytic anaemias,NA,3013734614.04409,0.0014941640204723821
2021,814,"Other endocrine, blood and immune disorders",3,13991231.9524622,13991.2319524622,13.9912319524622,NA,NA,4.,"Other endocrine, blood and immune disorders",NA,3013734614.04409,0.00464248971600308
2021,820,Mental and substance use disorders,2,192166489.76288,192166.48976288,192.16648976288,NA,E.,Mental and substance use disorders,NA,NA,3013734614.04409,0.06376357389511958
2021,830,Depressive disorders,3,56656277.6519148,56656.277651914796,56.6562776519148,NA,NA,1.,Depressive disorders,NA,3013734614.04409,0.018799358572548133
2021,840,Bipolar disorder,3,8083282.60136148,8083.2826013614795,8.08328260136148,NA,NA,2.,Bipolar disorder,NA,3013734614.04409,0.002682148110750413
2021,850,Schizophrenia,3,15102991.8064536,15102.991806453601,15.1029918064536,NA,NA,3.,Schizophrenia,NA,3013734614.04409,0.005011387444691787
2021,860,Alcohol use disorders,3,17378721.2397989,17378.7212397989,17.3787212397989,NA,NA,4.,Alcohol use disorders,NA,3013734614.04409,0.0057665068313625095
2021,870,Drug use disorders,3,18135872.8879538,18135.8728879538,18.1358728879538,NA,NA,5.,Drug use disorders,NA,3013734614.04409,0.006017740514854928
2021,871,Opioid use disorders,4,13207946.2089259,13207.9462089259,13.207946208925899,NA,NA,NA,a.,Opioid use disorders,3013734614.04409,0.00438258436803841
2021,872,Cocaine use disorders,4,1378968.76205307,1378.96876205307,1.37896876205307,NA,NA,NA,b.,Cocaine use disorders,3013734614.04409,4.5756144407242623e-4
2021,873,Amphetamine use disorders,4,1872310.78500296,1872.3107850029598,1.8723107850029599,NA,NA,NA,c.,Amphetamine use disorders,3013734614.04409,6.212593425704898e-4
2021,874,Cannabis use disorders,4,662479.715074786,662.479715074786,0.662479715074786,NA,NA,NA,d.,Cannabis use disorders,3013734614.04409,2.1982018986927763e-4
2021,875,Other drug use disorders,4,1014167.41689709,1014.16741689709,1.01416741689709,NA,NA,NA,e.,Other drug use disorders,3013734614.04409,3.365151703043263e-4
2021,880,Anxiety disorders,3,42756924.407486,42756.924407485996,42.756924407486,NA,NA,6.,Anxiety disorders,NA,3013734614.04409,0.014187355518378263
2021,890,Eating disorders,3,3418979.83909886,3418.97983909886,3.41897983909886,NA,NA,7.,Eating disorders,NA,3013734614.04409,0.0011344661282271888
2021,900,Austism and Asperger syndrome,3,11653449.6758543,11653.4496758543,11.653449675854299,NA,NA,8.,Austism and Asperger syndrome,NA,3013734614.04409,0.003866780313551462
2021,910,Childhood behavioural disorders,3,6071333.91048846,6071.33391048846,6.07133391048846,NA,NA,9.,Childhood behavioural disorders,NA,3013734614.04409,0.0020145549253726158
2021,911,Attention deficit/hyperactivity syndrome,4,1044624.70336007,1044.62470336007,1.04462470336007,NA,NA,NA,a.,Attention deficit/hyperactivity syndrome,3013734614.04409,3.4662133105287004e-4
2021,912,Conduct disorder,4,5026709.20712839,5026.70920712839,5.026709207128389,NA,NA,NA,b.,Conduct disorder,3013734614.04409,0.0016679335943197455
2021,920,Idiopathic intellectual disability,3,3910507.81509294,3910.50781509294,3.9105078150929398,NA,NA,10.,Idiopathic intellectual disability,NA,3013734614.04409,0.001297562100149715
2021,930,Other mental and behavioural disorders,3,8998147.92737685,8998.14792737685,8.99814792737685,NA,NA,11.,Other mental and behavioural disorders,NA,3013734614.04409,0.002985713435232559
2021,940,Neurological conditions,2,112218113.736313,112218.113736313,112.218113736313,NA,F.,Neurological conditions,NA,NA,3013734614.04409,0.03723556587012452
2021,950,Alzheimer disease and other dementias,3,33626770.6120328,33626.7706120328,33.6267706120328,NA,NA,1.,Alzheimer disease and other dementias,NA,3013734614.04409,0.011157840659005304
2021,960,Parkinson disease,3,6933743.22539466,6933.74322539466,6.93374322539466,NA,NA,2.,Parkinson disease,NA,3013734614.04409,0.002300714599448544
2021,970,Epilepsy,3,14398976.0132489,14398.9760132489,14.3989760132489,NA,NA,3.,Epilepsy,NA,3013734614.04409,0.004777784993459364
2021,980,Multiple sclerosis,3,1009387.05257119,1009.3870525711901,1.00938705257119,NA,NA,4.,Multiple sclerosis,NA,3013734614.04409,3.3492897744460227e-4
2021,990,Migraine,3,43553266.0243594,43553.2660243594,43.553266024359395,NA,NA,5.,Migraine,NA,3013734614.04409,0.014451592990769634
2021,1000,Non-migrane headache,3,4617532.38288939,4617.53238288939,4.61753238288939,NA,NA,6.,Non-migrane headache,NA,3013734614.04409,0.0015321629055762098
2021,1010,Other neurological conditions,3,8078438.42581661,8078.43842581661,8.07843842581661,NA,NA,7.,Other neurological conditions,NA,3013734614.04409,0.0026805407444208443
2021,1020,Sense organ diseases,2,76985876.4558904,76985.87645589041,76.9858764558904,NA,G.,Sense organ diseases,NA,NA,3013734614.04409,0.025545008540942528
2021,1030,Glaucoma,3,748572.703657765,748.572703657765,0.7485727036577651,NA,NA,1.,Glaucoma,NA,3013734614.04409,2.4838706771637914e-4
2021,1040,Cataracts,3,6492732.39458225,6492.73239458225,6.492732394582251,NA,NA,2.,Cataracts,NA,3013734614.04409,0.002154380934646976
2021,1050,Uncorrected refractive errors,3,18276606.2359498,18276.6062359498,18.2766062359498,NA,NA,3.,Uncorrected refractive errors,NA,3013734614.04409,0.00606443784093672
2021,1060,Macular degeneration,3,574917.950458037,574.917950458037,0.574917950458037,NA,NA,4.,Macular degeneration,NA,3013734614.04409,1.90765951248296e-4
2021,1070,Other vision loss,3,2980079.51726967,2980.07951726967,2.98007951726967,NA,NA,5.,Other vision loss,NA,3013734614.04409,9.88832760317519e-4
2021,1080,Other hearing loss,3,44192975.1586393,44192.975158639296,44.1929751586393,NA,NA,6.,Other hearing loss,NA,3013734614.04409,0.014663857578135368
2021,1090,Other sense organ disorders,3,3719992.4953335,3719.9924953335003,3.7199924953335004,NA,NA,7.,Other sense organ disorders,NA,3013734614.04409,0.0012343464079412395
2021,1100,Cardiovascular diseases,2,436774583.152751,436774.58315275103,436.774583152751,NA,H.,Cardiovascular diseases,NA,NA,3013734614.04409,0.14492801758899704
2021,1110,Rheumatic heart disease,3,13807097.4253047,13807.097425304699,13.8070974253047,NA,NA,1.,Rheumatic heart disease,NA,3013734614.04409,0.004581391261514279
2021,1120,Hypertensive heart disease,3,27205862.2848219,27205.862284821902,27.2058622848219,NA,NA,2.,Hypertensive heart disease,NA,3013734614.04409,0.009027291971244515
2021,1130,Ischaemic heart disease,3,193893049.388535,193893.049388535,193.893049388535,NA,NA,3.,Ischaemic heart disease,NA,3013734614.04409,0.06433647093044882
2021,1140,Stroke,3,160201661.132545,160201.661132545,160.20166113254498,NA,NA,4.,Stroke,NA,3013734614.04409,0.053157189218320904
2021,1141,Ischaemic stroke,4,68338810.0648055,68338.8100648055,68.33881006480549,NA,NA,NA,a.,Ischaemic stroke,3013734614.04409,0.022675788951802417
2021,1142,Haemorrhagic stroke,4,91862851.0519912,91862.8510519912,91.8628510519912,NA,NA,NA,b.,Haemorrhagic stroke,3013734614.04409,0.030481400261292972
2021,1150,"Cardiomyopathy, myocarditis, endocarditis",3,13282583.1183124,13282.5831183124,13.2825831183124,NA,NA,5.,"Cardiomyopathy, myocarditis, endocarditis",NA,3013734614.04409,0.004407349955903609
2021,1160,Other circulatory diseases,3,28384329.8032322,28384.329803232202,28.384329803232202,NA,NA,6.,Other circulatory diseases,NA,3013734614.04409,0.009418324251564955
2021,1170,Respiratory diseases,2,109120985.510311,109120.98551031099,109.12098551031099,NA,I.,Respiratory diseases,NA,NA,3013734614.04409,0.03620789468382653
2021,1180,Chronic obstructive pulmonary disease,3,78067730.1276345,78067.7301276345,78.06773012763449,NA,NA,1.,Chronic obstructive pulmonary disease,NA,3013734614.04409,0.025903982973098108
2021,1190,Asthma,3,22044134.1422245,22044.134142224502,22.0441341422245,NA,NA,2.,Asthma,NA,3013734614.04409,0.007314557174177914
2021,1200,Other respiratory diseases,3,9009121.24045236,9009.121240452361,9.00912124045236,NA,NA,3.,Other respiratory diseases,NA,3013734614.04409,0.0029893545365506295
2021,1210,Digestive diseases,2,93343308.5262026,93343.3085262026,93.3433085262026,NA,J.,Digestive diseases,NA,NA,3013734614.04409,0.03097263710322074
2021,1220,Peptic ulcer disease,3,6320257.48651944,6320.25748651944,6.32025748651944,NA,NA,1.,Peptic ulcer disease,NA,3013734614.04409,0.002097151307572624
2021,1230,Cirrhosis of the liver,3,45935988.6511091,45935.9886511091,45.9359886511091,NA,NA,2.,Cirrhosis of the liver,NA,3013734614.04409,0.015242214240446413
2021,1231,Cirrhosis due to hepatitis B,4,11614300.9843005,11614.3009843005,11.614300984300499,NA,NA,NA,a.,Cirrhosis due to hepatitis B,3013734614.04409,0.0038537902210027133
2021,1232,Cirrhosis due to hepatitis C,4,10739053.0782285,10739.0530782285,10.7390530782285,NA,NA,NA,b.,Cirrhosis due to hepatitis C,3013734614.04409,0.0035633705198142543
2021,1233,Cirrhosis due to alcohol use,4,13075879.2406497,13075.8792406497,13.0758792406497,NA,NA,NA,c.,Cirrhosis due to alcohol use,3013734614.04409,0.00433876266998286
2021,1234,Other liver cirrhosis,4,10506755.3479304,10506.7553479304,10.5067553479304,NA,NA,NA,d.,Other liver cirrhosis,3013734614.04409,0.003486290829646585
2021,1240,Appendicitis,3,1325559.69786481,1325.55969786481,1.32555969786481,NA,NA,3.,Appendicitis,NA,3013734614.04409,4.398395571022292e-4
2021,1241,Gastritis and duodenitis,3,2873047.0088491,2873.0470088491,2.8730470088491002,NA,NA,4.,Gastritis and duodenitis,NA,3013734614.04409,9.533178520300423e-4
2021,1242,Paralytic ileus and intestinal obstruction,3,6657517.60631168,6657.51760631168,6.657517606311679,NA,NA,5.,Paralytic ileus and intestinal obstruction,NA,3013734614.04409,0.0022090590111310585
2021,1244,Inflammatory bowel disease,3,1296911.99162153,1296.91199162153,1.29691199162153,NA,NA,6.,Inflammatory bowel disease,NA,3013734614.04409,4.303338408026648e-4
2021,1246,Gallbladder and biliary diseases,3,7718577.9504915,7718.5779504915,7.7185779504915,NA,NA,7.,Gallbladder and biliary diseases,NA,3013734614.04409,0.0025611339215213923
2021,1248,Pancreatitis,3,4144739.56330071,4144.73956330071,4.1447395633007105,NA,NA,8.,Pancreatitis,NA,3013734614.04409,0.00137528352496139
2021,1250,Other digestive diseases,3,17070708.5701347,17070.7085701347,17.0707085701347,NA,NA,9.,Other digestive diseases,NA,3013734614.04409,0.005664303847652911
2021,1260,Genitourinary diseases,2,82836958.5562801,82836.95855628011,82.83695855628011,NA,K.,Genitourinary diseases,NA,NA,3013734614.04409,0.027486480783761615
2021,1270,Kidney diseases,3,43721136.5257852,43721.1365257852,43.7211365257852,NA,NA,1.,Kidney diseases,NA,3013734614.04409,0.014507294810247541
2021,1271,Acute glomerulonephritis,4,310928.403933714,310.92840393371404,0.310928403933714,NA,NA,NA,a.,Acute glomerulonephritis,3013734614.04409,1.0317046580172612e-4
2021,1272,Chronic kidney disease due to diabetes,4,15141660.0587274,15141.6600587274,15.1416600587274,NA,NA,NA,b.,Chronic kidney disease due to diabetes,3013734614.04409,0.005024218120655625
2021,1273,Other chronic kidney disease,4,28268548.0631241,28268.5480631241,28.2685480631241,NA,NA,NA,c.,Other chronic kidney disease,3013734614.04409,0.009379906223790195
2021,1280,Benign prostatic hyperplasia,3,2288063.37102995,2288.0633710299503,2.28806337102995,NA,NA,2.,Benign prostatic hyperplasia,NA,3013734614.04409,7.592119625820765e-4
2021,1290,Urolithiasis,3,595309.937037728,595.309937037728,0.595309937037728,NA,NA,3.,Urolithiasis,NA,3013734614.04409,1.9753230236782185e-4
2021,1300,Other urinary diseases,3,8190542.93161173,8190.54293161173,8.19054293161173,NA,NA,4.,Other urinary diseases,NA,3013734614.04409,0.002717738613560585
2021,1310,Infertility,3,919091.11585111,919.09111585111,0.9190911158511099,NA,NA,5.,Infertility,NA,3013734614.04409,3.049675016400313e-4
2021,1320,Gynecological diseases,3,27122814.6749644,27122.814674964397,27.1228146749644,NA,NA,6.,Gynecological diseases,NA,3013734614.04409,0.008999735593363565
2021,1330,Skin diseases,2,41584344.5715891,41584.3445715891,41.5843445715891,NA,L.,Skin diseases,NA,NA,3013734614.04409,0.013798276854838133
2021,1340,Musculoskeletal diseases,2,162935360.244642,162935.36024464198,162.935360244642,NA,M.,Musculoskeletal diseases,NA,NA,3013734614.04409,0.05406426945669288
2021,1350,Rheumatoid arthritis,3,3088132.5898416,3088.1325898416,3.0881325898416,NA,NA,1.,Rheumatoid arthritis,NA,3013734614.04409,0.0010246863063027559
2021,1360,Osteoarthritis,3,21271031.412659,21271.031412659002,21.271031412659,NA,NA,2.,Osteoarthritis,NA,3013734614.04409,0.007058030695050382
2021,1370,Gout,3,1837854.20650452,1837.85420650452,1.83785420650452,NA,NA,3.,Gout,NA,3013734614.04409,6.098261598549741e-4
2021,1380,Back and neck pain,3,90882026.4622991,90882.0264622991,90.8820264622991,NA,NA,4.,Back and neck pain,NA,3013734614.04409,0.030155948715187543
2021,1390,Other musculoskeletal disorders,3,45856315.5733382,45856.3155733382,45.8563155733382,NA,NA,5.,Other musculoskeletal disorders,NA,3013734614.04409,0.015215777580297367
2021,1400,Congenital anomalies,2,52722471.5626808,52722.4715626808,52.7224715626808,NA,N.,Congenital anomalies,NA,NA,3013734614.04409,0.01749406577373886
2021,1410,Neural tube defects,3,4990068.46599424,4990.06846599424,4.99006846599424,NA,NA,1.,Neural tube defects,NA,3013734614.04409,0.001655775675383087
2021,1420,Cleft lip and cleft palate,3,390375.769392711,390.375769392711,0.390375769392711,NA,NA,2.,Cleft lip and cleft palate,NA,3013734614.04409,1.2953223139607208e-4
2021,1430,Down syndrome,3,2181691.31044846,2181.6913104484597,2.1816913104484597,NA,NA,3.,Down syndrome,NA,3013734614.04409,7.239162002791207e-4
2021,1440,Congenital heart anomalies,3,22490043.9102957,22490.0439102957,22.4900439102957,NA,NA,4.,Congenital heart anomalies,NA,3013734614.04409,0.0074625163760244344
2021,1450,Other chromosomal anomalies,3,2216866.33627877,2216.86633627877,2.21686633627877,NA,NA,5.,Other chromosomal anomalies,NA,3013734614.04409,7.355877740356133e-4
2021,1460,Other congenital anomalies,3,20453425.7702709,20453.4257702709,20.4534257702709,NA,NA,6.,Other congenital anomalies,NA,3013734614.04409,0.006786737516620524
2021,1470,Oral conditions,2,23241550.6142568,23241.550614256797,23.2415506142568,NA,O.,Oral conditions,NA,NA,3013734614.04409,0.007711876986762705
2021,1480,Dental caries,3,2414637.91305782,2414.63791305782,2.41463791305782,NA,NA,1.,Dental caries,NA,3013734614.04409,8.012111955065777e-4
2021,1490,Periodontal disease,3,6907317.97128025,6907.317971280249,6.90731797128025,NA,NA,2.,Periodontal disease,NA,3013734614.04409,0.0022919463243684262
2021,1500,Edentulism,3,9518829.37150625,9518.82937150625,9.51882937150625,NA,NA,3.,Edentulism,NA,3013734614.04409,0.003158482942442321
2021,1502,Other oral disorders,3,4400765.35841244,4400.76535841244,4.40076535841244,NA,NA,4.,Other oral disorders,NA,3013734614.04409,0.0014602365244453666
2021,1505,Sudden infant death syndrome,2,2493075.74756353,2493.07574756353,2.4930757475635303,NA,P.,Sudden infant death syndrome,NA,NA,3013734614.04409,8.272379843751754e-4
2021,1510,Injuries,1,268354881.568584,268354.881568584,268.354881568584,III.,Injuries,NA,NA,NA,3013734614.04409,0.08904396568896364
2021,1520,Unintentional injuries,2,189696881.649637,189696.881649637,189.69688164963702,NA,A.,Unintentional injuries,NA,NA,3013734614.04409,0.06294412280551981
2021,1530,Road injury,3,67852606.258532,67852.606258532,67.852606258532,NA,NA,1.,Road injury,NA,3013734614.04409,0.022514459615102442
2021,1540,Poisonings,3,3254360.50350717,3254.36050350717,3.25436050350717,NA,NA,2.,Poisonings,NA,3013734614.04409,0.0010798430918043534
2021,1550,Falls,3,43855126.5549445,43855.1265549445,43.8551265549445,NA,NA,3.,Falls,NA,3013734614.04409,0.014551754607249872
2021,1560,"Fire, heat and hot substances",3,9421137.09746337,9421.13709746337,9.421137097463369,NA,NA,4.,"Fire, heat and hot substances",NA,3013734614.04409,0.003126067256738732
2021,1570,Drowning,3,18888520.0825596,18888.5200825596,18.8885200825596,NA,NA,5.,Drowning,NA,3013734614.04409,0.006267479556606795
2021,1575,Exposure to mechanical forces,3,10686313.3365952,10686.3133365952,10.6863133365952,NA,NA,6.,Exposure to mechanical forces,NA,3013734614.04409,0.0035458707235855053
2021,1580,Natural disasters,3,1081369.15382319,1081.36915382319,1.08136915382319,NA,NA,7.,Natural disasters,NA,3013734614.04409,3.58813662219619e-4
2021,1590,Other unintentional injuries,3,34657448.6622114,34657.448662211405,34.6574486622114,NA,NA,8.,Other unintentional injuries,NA,3013734614.04409,0.011499834292212293
2021,1600,Intentional injuries,2,78657999.918947,78657.999918947,78.657999918947,NA,B.,Intentional injuries,NA,NA,3013734614.04409,0.026099842883443837
2021,1610,Self-harm,3,34146172.5159268,34146.1725159268,34.1461725159268,NA,NA,1.,Self-harm,NA,3013734614.04409,0.011330185596570001
2021,1620,Interpersonal violence,3,33204978.0832206,33204.9780832206,33.2049780832206,NA,NA,2.,Interpersonal violence,NA,3013734614.04409,0.01101788390009009
2021,1630,Collective violence and legal intervention,3,11306849.3197996,11306.8493197996,11.3068493197996,NA,NA,3.,Collective violence and legal intervention,NA,3013734614.04409,0.003751773386783746
2021,1700,Other COVID-19 pandemic-related outcomes,2,50490441.7703143,50490.4417703143,50.4904417703143,NA,C.,Other COVID-19 pandemic-related outcomes,NA,NA,3013734614.04409,0.016753446549350227
